operator_id,operator_name,operator_kind,kernel_name
aten._to_copy,aten._to_copy,aten,
aten.add,aten.add,aten,
aten.argmax,aten.argmax,aten,
aten.div,aten.div,aten,
aten.embedding,aten.embedding,aten,
aten.fill_,aten.fill_,aten,
aten.floor_divide,aten.floor_divide,aten,
aten.full,aten.full,aten,
aten.gather,aten.gather,aten,
aten.ge,aten.ge,aten,
aten.index,aten.index,aten,
aten.linear,aten.linear,aten,
aten.masked_fill_,aten.masked_fill_,aten,
aten.mul,aten.mul,aten,
aten.mul_,aten.mul_,aten,
aten.repeat,aten.repeat,aten,
aten.sigmoid,aten.sigmoid,aten,
aten.softplus,aten.softplus,aten,
aten.sqrt,aten.sqrt,aten,
aten.sub,aten.sub,aten,
aten.sum,aten.sum,aten,
aten.topk,aten.topk,aten,
aten.zero_,aten.zero_,aten,
aten.zeros,aten.zeros,aten,
kernel_507b00d341f1c431f0d7,_build_c128a_topk_metadata_kernel,kernel,_build_c128a_topk_metadata_kernel
kernel_fb629cbab09e46ad1ab5,_compressed_slot_mapping_kernel,kernel,_compressed_slot_mapping_kernel
kernel_5fd4e488154a1706330b,_compute_global_topk_indices_and_lens_kernel,kernel,_compute_global_topk_indices_and_lens_kernel
kernel_d65f75282099f04d25f7,_compute_slot_mapping_kernel,kernel,_compute_slot_mapping_kernel
kernel_16e3afa77f97076fb8c4,_compute_swa_indices_and_lens_kernel,kernel,_compute_swa_indices_and_lens_kernel
kernel_c345700934340fb3e3c9,_count_expert_num_tokens,kernel,_count_expert_num_tokens
kernel_c074681ac8eec8b37516,_fused_indexer_q_rope_fp32_kernel,kernel,_fused_indexer_q_rope_fp32_kernel
kernel_309bcee36be93789423f,_fused_inv_rope_float32_per_head,kernel,_fused_inv_rope_float32_per_head
kernel_c777bad89257071e7d79,_fused_kv_compress_norm_rope_insert_indexer_attn_sm80,kernel,_fused_kv_compress_norm_rope_insert_indexer_attn_sm80
kernel_221e77758eac1d1f3df2,_fused_kv_compress_norm_rope_insert_sparse_attn_sm80,kernel,_fused_kv_compress_norm_rope_insert_sparse_attn_sm80
kernel_24ce8a8b73db9cc21e2a,_fused_q_kv_rmsnorm_kernel,kernel,_fused_q_kv_rmsnorm_kernel
kernel_e2908efd4a02ef7ffd12,_fwd_kernel_ep_gather,kernel,_fwd_kernel_ep_gather
kernel_cd19b8ec6bf2b1a84209,_fwd_kernel_ep_scatter_1,kernel,_fwd_kernel_ep_scatter_1
kernel_3bb7884035a1305f1139,_fwd_kernel_ep_scatter_2_optimal,kernel,_fwd_kernel_ep_scatter_2_optimal
kernel_c74ed233c0919d00e13e,_per_token_quant_int8,kernel,_per_token_quant_int8
kernel_1b1704e73214640fd2d9,_save_partial_states_kernel,kernel,_save_partial_states_kernel
kernel_ca8554580ad671340d81,fused_qnorm_rope_kv_insert_kernel,kernel,fused_qnorm_rope_kv_insert_kernel
kernel_749be9c3aeb66e307d63,non_tle_top_k_per_row_decode,kernel,non_tle_top_k_per_row_decode
kernel_9ec7414063a3c03d5b72,rms_norm_loop_kernel,kernel,rms_norm_loop_kernel
kernel_7edca42426d6f28e9802,silu_and_mul_kernel_kernel_rank_2,kernel,silu_and_mul_kernel_kernel_rank_2
kernel_bdd66936abb9ee8e35b2,triton_poi_fused___and_____or___add_bitwise_not_ge_lt_mul_sub_0,kernel,triton_poi_fused___and_____or___add_bitwise_not_ge_lt_mul_sub_0
