operator_name,previously_covered,reason
aten._local_scalar_dense,false,本次未建立 GPU kernel 关联；不据此断言只在 CPU 执行
aten._pin_memory,false,本次未建立 GPU kernel 关联；不据此断言只在 CPU 执行
aten._reshape_alias,true,本次未建立 GPU kernel 关联；不据此断言只在 CPU 执行
aten._unsafe_view,true,本次未建立 GPU kernel 关联；不据此断言只在 CPU 执行
aten.alias,true,本次未建立 GPU kernel 关联；不据此断言只在 CPU 执行
aten.all,false,本次未建立 GPU kernel 关联；不据此断言只在 CPU 执行
aten.arange,false,本次未建立 GPU kernel 关联；不据此断言只在 CPU 执行
aten.as_strided,false,本次未建立 GPU kernel 关联；不据此断言只在 CPU 执行
aten.clone,false,本次未建立 GPU kernel 关联；不据此断言只在 CPU 执行
aten.cumsum,true,本次未建立 GPU kernel 关联；不据此断言只在 CPU 执行
aten.detach,false,本次未建立 GPU kernel 关联；不据此断言只在 CPU 执行
aten.diff,false,本次未建立 GPU kernel 关联；不据此断言只在 CPU 执行
aten.empty,false,本次未建立 GPU kernel 关联；不据此断言只在 CPU 执行
aten.empty_like,false,本次未建立 GPU kernel 关联；不据此断言只在 CPU 执行
aten.empty_strided,false,本次未建立 GPU kernel 关联；不据此断言只在 CPU 执行
aten.eq,false,本次未建立 GPU kernel 关联；不据此断言只在 CPU 执行
aten.expand,true,本次未建立 GPU kernel 关联；不据此断言只在 CPU 执行
aten.expand_as,true,本次未建立 GPU kernel 关联；不据此断言只在 CPU 执行
aten.flatten,true,本次未建立 GPU kernel 关联；不据此断言只在 CPU 执行
aten.index_select,false,本次未建立 GPU kernel 关联；不据此断言只在 CPU 执行
aten.is_nonzero,false,本次未建立 GPU kernel 关联；不据此断言只在 CPU 执行
aten.is_pinned,false,本次未建立 GPU kernel 关联；不据此断言只在 CPU 执行
aten.item,false,本次未建立 GPU kernel 关联；不据此断言只在 CPU 执行
aten.lift_fresh,true,本次未建立 GPU kernel 关联；不据此断言只在 CPU 执行
aten.lt,true,本次未建立 GPU kernel 关联；不据此断言只在 CPU 执行
aten.max,false,本次未建立 GPU kernel 关联；不据此断言只在 CPU 执行
aten.min,false,本次未建立 GPU kernel 关联；不据此断言只在 CPU 执行
aten.movedim,false,本次未建立 GPU kernel 关联；不据此断言只在 CPU 执行
aten.narrow,true,本次未建立 GPU kernel 关联；不据此断言只在 CPU 执行
aten.new_empty,false,本次未建立 GPU kernel 关联；不据此断言只在 CPU 执行
aten.numpy_T,false,本次未建立 GPU kernel 关联；不据此断言只在 CPU 执行
aten.permute,false,本次未建立 GPU kernel 关联；不据此断言只在 CPU 执行
aten.pin_memory,false,本次未建立 GPU kernel 关联；不据此断言只在 CPU 执行
aten.repeat_interleave,false,本次未建立 GPU kernel 关联；不据此断言只在 CPU 执行
aten.reshape,false,本次未建立 GPU kernel 关联；不据此断言只在 CPU 执行
aten.resize_,true,本次未建立 GPU kernel 关联；不据此断言只在 CPU 执行
aten.resolve_conj,false,本次未建立 GPU kernel 关联；不据此断言只在 CPU 执行
aten.resolve_neg,false,本次未建立 GPU kernel 关联；不据此断言只在 CPU 执行
aten.result_type,false,本次未建立 GPU kernel 关联；不据此断言只在 CPU 执行
aten.select,false,本次未建立 GPU kernel 关联；不据此断言只在 CPU 执行
aten.set_,false,本次未建立 GPU kernel 关联；不据此断言只在 CPU 执行
aten.slice,false,本次未建立 GPU kernel 关联；不据此断言只在 CPU 执行
aten.split_with_sizes,false,本次未建立 GPU kernel 关联；不据此断言只在 CPU 执行
aten.squeeze,false,本次未建立 GPU kernel 关联；不据此断言只在 CPU 执行
aten.to,false,本次未建立 GPU kernel 关联；不据此断言只在 CPU 执行
aten.transpose,true,本次未建立 GPU kernel 关联；不据此断言只在 CPU 执行
aten.unsqueeze,true,本次未建立 GPU kernel 关联；不据此断言只在 CPU 执行
aten.view,false,本次未建立 GPU kernel 关联；不据此断言只在 CPU 执行
