operator_name,kernel_name,kernel_call_count,kernel_time_us,percent
aten::_softmax,softmax_kernel_inner,25,1129.322,0.052%
aten::_to_copy,_to_copy_func_kernel_rank_1,75,361.959,0.017%
aten::add,add_func_kernel_rank_1,50,78.0,0.004%
aten::argmax,argmax_kernel_inner,25,665.522,0.031%
aten::clamp,"void at::native::vectorized_elementwise_kernel<4, at::native::(anonymous namespace)::launch_clamp_scalar(at::TensorIteratorBase&, c10::Scalar, c10::Scalar, at::native::detail::ClampLimits)::{lambda()#1}::operator()() const::{lambda()#3}::operator()() const::{lambda(int)#1}, std::array<char*, 2ul> >(int, at::native::(anonymous namespace)::launch_clamp_scalar(at::TensorIteratorBase&, c10::Scalar, c10::Scalar, at::native::detail::ClampLimits)::{lambda()#1}::operator()() const::{lambda()#3}::operator()() const::{lambda(int)#1}, std::array<char*, 2ul>)",50,91.48,0.004%
aten::clamp_,"void at::native::vectorized_elementwise_kernel<4, at::native::(anonymous namespace)::launch_clamp_scalar(at::TensorIteratorBase&, c10::Scalar, c10::Scalar, at::native::detail::ClampLimits)::{lambda()#1}::operator()() const::{lambda()#3}::operator()() const::{lambda(int)#1}, std::array<char*, 2ul> >(int, at::native::(anonymous namespace)::launch_clamp_scalar(at::TensorIteratorBase&, c10::Scalar, c10::Scalar, at::native::detail::ClampLimits)::{lambda()#1}::operator()() const::{lambda()#3}::operator()() const::{lambda(int)#1}, std::array<char*, 2ul>)",73,355.364,0.016%
aten::copy_,"void at::native::elementwise_kernel<128, 4, at::native::gpu_kernel_impl_nocast<at::native::direct_copy_kernel_cuda(at::TensorIteratorBase&)::{lambda()#3}::operator()() const::{lambda()#12}::operator()() const::{lambda(c10::BFloat16)#1}>(at::TensorIteratorBase&, at::native::direct_copy_kernel_cuda(at::TensorIteratorBase&)::{lambda()#3}::operator()() const::{lambda()#12}::operator()() const::{lambda(c10::BFloat16)#1} const&)::{lambda(int)#1}>(int, at::native::gpu_kernel_impl_nocast<at::native::direct_copy_kernel_cuda(at::TensorIteratorBase&)::{lambda()#3}::operator()() const::{lambda()#12}::operator()() const::{lambda(c10::BFloat16)#1}>(at::TensorIteratorBase&, at::native::direct_copy_kernel_cuda(at::TensorIteratorBase&)::{lambda()#3}::operator()() const::{lambda()#12}::operator()() const::{lambda(c10::BFloat16)#1} const&)::{lambda(int)#1})",25,692.003,0.032%
aten::copy_,"void at::native::unrolled_elementwise_kernel<at::native::direct_copy_kernel_cuda(at::TensorIteratorBase&)::{lambda()#3}::operator()() const::{lambda()#3}::operator()() const::{lambda(int)#1}, std::array<char*, 2ul>, 4, TrivialOffsetCalculator<1, unsigned int>, TrivialOffsetCalculator<1, unsigned int>, at::native::memory::LoadWithCast<1>, at::native::memory::StoreWithCast<1> >(int, at::native::direct_copy_kernel_cuda(at::TensorIteratorBase&)::{lambda()#3}::operator()() const::{lambda()#3}::operator()() const::{lambda(int)#1}, std::array<char*, 2ul>, TrivialOffsetCalculator<1, unsigned int>, TrivialOffsetCalculator<1, unsigned int>, at::native::memory::LoadWithCast<1>, at::native::memory::StoreWithCast<1>)",123,302.24,0.014%
aten::div_,true_div_func_kernel_rank_2,25,499.521,0.023%
aten::div_,true_div_func_kernel_rank_1,25,425.761,0.020%
aten::exponential_,fused_exponential_kernel_f32_unroll8,25,667.882,0.031%
aten::fill_,fill_scalar_func_kernel_rank_1,225,247.242,0.011%
aten::floor_divide,floor_div_func_tensor_scalar_kernel_rank_1,50,55.88,0.003%
aten::ge,ge_func_scalar_kernel_rank_1,50,52.359,0.002%
aten::index,_index_linearized_jit_function,50,101.196,0.005%
aten::linear,linear_kernel,25,2834.606,0.130%
aten::sub,"void at::native::unrolled_elementwise_kernel<at::native::CUDAFunctor_add<int>, std::array<char*, 3ul>, 4, TrivialOffsetCalculator<2, unsigned int>, TrivialOffsetCalculator<1, unsigned int>, at::native::memory::LoadWithoutCast, at::native::memory::StoreWithoutCast>(int, at::native::CUDAFunctor_add<int>, std::array<char*, 3ul>, TrivialOffsetCalculator<2, unsigned int>, TrivialOffsetCalculator<1, unsigned int>, at::native::memory::LoadWithoutCast, at::native::memory::StoreWithoutCast)",25,38.92,0.002%
aten::sub,sub_func_tensor_scalar_kernel_rank_1,25,29.281,0.001%
aten::zero_,zeros_kernel,171,136.961,0.006%
record_param_comms,"pcclKernel_AllGather_RING_LL_Sum_int8_t(ncclDevComm*, ncclChannelWork*)",25,3329.645,0.153%
null,"void pcclKernel_twoShotAllReduceKernel<__ppu_bfloat16, 16, 0, 0, 1, 1>(twoShotDevParams)",3198,418235.895,19.200%
null,_ZN7cutlass6KernelIN9deep_gemm10GemmKernelIN3aiu4gemm11threadblock13MmaMultistageINS5_10AiuLoaderAIaNS_6layout8RowMajorENS_4gemm9GemmShapeILi64ELi128ELi128EEENSB_ILi32ELi32ELi128EEENSB_ILi16ELi16ELi32EEEN5awmma8fragmentIN9mmacommon8matrix_aELi16ELi16ELi32EaNSH_9row_majorEEEEENS5_10AiuLoaderBIaNS8_11ColumnMajorESC_SD_SE_NSG_INSH_8matrix_bELi16ELi16ELi32EaNSH_9col_majorEEEEENS_8epilogue11threadblock20PrefetchTileIteratorINST_26OutputTileOptimalThreadMapINST_15OutputTileShapeILi128ELi8ELi2ELi1ELi1EEENSW_ILi1ELi4ELi1ELi1ELi4EEELi256ELi8ELi16EEENS_10bfloat16_tESC_LNSS_20PrefetchStrategyType4KindE0EEEiNS_4arch4Sm80ESC_SD_SE_Li3ENSA_4warp11MmaTensorOpISD_aS9_aSN_iS9_NS16_17MmaTensorOpPolicyINS14_3MmaISE_Li32EaS9_aSN_iS9_NS14_13OpMultiplyAddEEENS_11MatrixShapeILi1ELi1EEEEELi1ELb0EbLi1ELi1EEEaEENST_19EpilogueWithVisitorINST_27EpilogueVisitorPerRowPerColISC_Li256ENST_22PredicatedTileIteratorISZ_fLb0ELb0EEENS1J_ISZ_S10_Lb0ELb0EEEifNSS_6thread17LinearCombinationIS10_Li8EifLNS1M_9ScaleType4KindE2ELNS_15FloatRoundStyleE2EEELb0EEESC_S1F_Li1ENSS_4warp24FragmentIteratorTensorOpISD_SE_iNS_5ArrayIiLi8ELb1EEES9_Lb0EiEENS1T_20TileIteratorTensorOpISD_SE_iS9_Lb0EEENST_18SharedLoadIteratorINSZ_18CompactedThreadMapEiLi32EEENS1C_ILi0ELi4EEELi1ELi1EEENS1_9SchedulerIL8GemmType3ELj6144ESC_Lj12ELj16EEELb0EEELi512EEEvNT_6ParamsE,1586,228929.072,10.509%
null,"pcclKernel_ReduceScatter_RING_LL_Sum___ppu_bfloat16(ncclDevComm*, ncclChannelWork*)",1586,226501.972,10.398%
null,"pcclKernel_AllGather_RING_LL_Sum_int8_t(ncclDevComm*, ncclChannelWork*)",1587,207415.678,9.522%
null,_ZN7cutlass6KernelINS_4gemm6kernel23GemmWithEpilogueVisitorIN3aiu4gemm11threadblock13MmaMultistageINS6_10AiuLoaderAIaNS_6layout8RowMajorENS1_9GemmShapeILi32ELi128ELi64EEENSB_ILi32ELi32ELi64EEENSB_ILi16ELi16ELi32EEEN5awmma8fragmentIN9mmacommon8matrix_aELi16ELi16ELi32EaNSH_9row_majorEEEEENS6_10AiuLoaderBIaNS9_11ColumnMajorESC_SD_SE_NSG_INSH_8matrix_bELi16ELi16ELi32EaNSH_9col_majorEEEEENS_8epilogue11threadblock20PrefetchTileIteratorINST_26OutputTileOptimalThreadMapINST_15OutputTileShapeILi128ELi8ELi1ELi1ELi1EEENSW_ILi1ELi4ELi1ELi1ELi4EEELi128ELi8ELi16EEENS_10bfloat16_tESC_LNSS_20PrefetchStrategyType4KindE0EEEiNS_4arch4Sm80ESC_SD_SE_Li4ENS1_4warp11MmaTensorOpISD_aSA_aSN_iSA_NS16_17MmaTensorOpPolicyINS14_3MmaISE_Li32EaSA_aSN_iSA_NS14_21OpMultiplyAddSaturateEEENS_11MatrixShapeILi1ELi1EEEEELi1ELb0EbLi1ELi1EEEaEENST_19EpilogueWithVisitorINST_27EpilogueVisitorPerRowPerColISC_Li128ENST_22PredicatedTileIteratorISZ_fLb0ELb0EEENS1J_ISZ_S10_Lb0ELb0EEEifNSS_6thread17LinearCombinationIS10_Li8EffLNS1M_9ScaleType4KindE1ELNS_15FloatRoundStyleE2EEELb0ELb0EEESC_NS17_ISD_aSA_aSN_iSA_NS18_INS19_ISE_Li32EaSA_aSN_iSA_NS14_13OpMultiplyAddEEES1D_EELi1ELb0EbLi1ELi1EEELi1ENSS_4warp24FragmentIteratorTensorOpISD_SE_iNS_5ArrayIiLi8ELb1EEESA_Lb0EiEENS1X_25TileIteratorTensorOpMixedISD_SE_iLi32ELi16ELi8ELi8EEENST_23SharedLoadIteratorMixedINSZ_18CompactedThreadMapEiLi32ELi16ELi8ELi8EEENS1C_ILi0ELi4EEELi2ELi1EEENS1_11threadblock30GemmIdentityThreadblockSwizzleILi1EEEEELi512EEEvNT_6ParamsE,7124,167003.302,7.667%
null,_ZN7cutlass6KernelIN9deep_gemm10GemmKernelIN3aiu4gemm11threadblock13MmaMultistageINS5_10AiuLoaderAIaNS_6layout8RowMajorENS_4gemm9GemmShapeILi64ELi128ELi128EEENSB_ILi32ELi32ELi128EEENSB_ILi16ELi16ELi32EEEN5awmma8fragmentIN9mmacommon8matrix_aELi16ELi16ELi32EaNSH_9row_majorEEEEENS5_10AiuLoaderBIaNS8_11ColumnMajorESC_SD_SE_NSG_INSH_8matrix_bELi16ELi16ELi32EaNSH_9col_majorEEEEENS_8epilogue11threadblock20PrefetchTileIteratorINST_26OutputTileOptimalThreadMapINST_15OutputTileShapeILi128ELi8ELi2ELi1ELi1EEENSW_ILi1ELi4ELi1ELi1ELi4EEELi256ELi8ELi16EEENS_10bfloat16_tESC_LNSS_20PrefetchStrategyType4KindE0EEEiNS_4arch4Sm80ESC_SD_SE_Li3ENSA_4warp11MmaTensorOpISD_aS9_aSN_iS9_NS16_17MmaTensorOpPolicyINS14_3MmaISE_Li32EaS9_aSN_iS9_NS14_13OpMultiplyAddEEENS_11MatrixShapeILi1ELi1EEEEELi1ELb0EbLi1ELi1EEEaEENST_19EpilogueWithVisitorINST_27EpilogueVisitorPerRowPerColISC_Li256ENST_22PredicatedTileIteratorISZ_fLb0ELb0EEENS1J_ISZ_S10_Lb0ELb0EEEifNSS_6thread17LinearCombinationIS10_Li8EifLNS1M_9ScaleType4KindE2ELNS_15FloatRoundStyleE2EEELb0EEESC_S1F_Li1ENSS_4warp24FragmentIteratorTensorOpISD_SE_iNS_5ArrayIiLi8ELb1EEES9_Lb0EiEENS1T_20TileIteratorTensorOpISD_SE_iS9_Lb0EEENST_18SharedLoadIteratorINSZ_18CompactedThreadMapEiLi32EEENS1C_ILi0ELi4EEELi1ELi1EEENS1_9SchedulerIL8GemmType3ELj7168ESC_Lj12ELj16EEELb0EEELi512EEEvNT_6ParamsE,1586,122385.421,5.618%
null,"void flash::flash_sparse_decode_fwd_kernel<Flash_fwd_kernel_traits<512, 16, 64, 16, false, false, cutlass::bfloat16_t, 512, true, false, 1, 1, 64, 2, 4, Flash_kernel_traits<512, 16, 64, 16, 64, false, cutlass::bfloat16_t> >, true>(Flash_fwd_params)",1586,109047.962,5.006%
null,linear_kernel,2367,108060.609,4.961%
null,hc_prenorm_gemm_tilelang_kernel,3172,74171.252,3.405%
null,zeros_kernel,47721,49798.448,2.286%
null,_per_token_quant_int8,13468,41799.963,1.919%
null,mhc_pre_big_fuse_with_norm_tilelang_kernel,3172,41367.898,1.899%
null,gemm_ktype0_aiu1_mtype1_dtypeBF16xBF16xFP32xFP32xFP32_tile64x256x32x64x64x2_layout0x1x0x0_align1x1x4x4_splitk2_fusion0_prefetch0_fp32tc0_ptrhost1_schedule0,780,32337.545,1.485%
null,mhc_post_tilelang_kernel,3172,29524.834,1.355%
null,gemm_ktype0_aiu1_mtype1_dtypeBF16xBF16xFP32xFP32xFP32_tile64x64x16x32x128x4_layout0x1x0x0_align1x1x4x4_splitk0_fusion0_prefetch0_fp32tc0_ptrhost1_schedule0,780,26533.217,1.218%
null,gemm_ktype0_aiu1_mtype1_dtypeBF16xBF16xFP32xFP32xFP32_tile32x32x16x16x128x3_layout0x1x0x0_align1x1x2x2_splitk0_fusion0_prefetch0_fp32tc0_ptrhost1_schedule0,806,26470.945,1.215%
null,_ZN7cutlass6KernelIN9deep_gemm10GemmKernelIN3aiu4gemm11threadblock13MmaMultistageINS5_10AiuLoaderAIaNS_6layout8RowMajorENS_4gemm9GemmShapeILi64ELi64ELi128EEENSB_ILi32ELi32ELi128EEENSB_ILi16ELi16ELi32EEEN5awmma8fragmentIN9mmacommon8matrix_aELi16ELi16ELi32EaNSH_9row_majorEEEEENS5_10AiuLoaderBIaNS8_11ColumnMajorESC_SD_SE_NSG_INSH_8matrix_bELi16ELi16ELi32EaNSH_9col_majorEEEEENS_8epilogue11threadblock20PrefetchTileIteratorINST_26OutputTileOptimalThreadMapINST_15OutputTileShapeILi64ELi8ELi2ELi1ELi1EEENSW_ILi1ELi4ELi1ELi1ELi4EEELi128ELi8ELi16EEENS_10bfloat16_tESC_LNSS_20PrefetchStrategyType4KindE0EEEiNS_4arch4Sm80ESC_SD_SE_Li8ENSA_4warp11MmaTensorOpISD_aS9_aSN_iS9_NS16_17MmaTensorOpPolicyINS14_3MmaISE_Li32EaS9_aSN_iS9_NS14_13OpMultiplyAddEEENS_11MatrixShapeILi1ELi1EEEEELi1ELb0EbLi1ELi1EEEaEENST_19EpilogueWithVisitorINST_27EpilogueVisitorPerRowPerColISC_Li128ENST_22PredicatedTileIteratorISZ_fLb0ELb0EEENS1J_ISZ_S10_Lb0ELb0EEEifNSS_6thread17LinearCombinationIS10_Li8EifLNS1M_9ScaleType4KindE2ELNS_15FloatRoundStyleE2EEELb0EEESC_S1F_Li1ENSS_4warp24FragmentIteratorTensorOpISD_SE_iNS_5ArrayIiLi8ELb1EEES9_Lb0EiEENS1T_20TileIteratorTensorOpISD_SE_iS9_Lb0EEENST_18SharedLoadIteratorINSZ_18CompactedThreadMapEiLi32EEENS1C_ILi0ELi4EEELi1ELi1EEENS1_9SchedulerIL8GemmType0ELj1024ESC_Lj1ELj16EEELb0EEELi512EEEvNT_6ParamsE,1586,24904.952,1.143%
null,topk_single_stage_kernel,1586,24644.665,1.131%
null,_ZN7cutlass6KernelINS_4gemm6kernel23GemmWithEpilogueVisitorIN3aiu4gemm11threadblock13MmaMultistageINS6_10AiuLoaderAIaNS_6layout8RowMajorENS1_9GemmShapeILi64ELi128ELi64EEENSB_ILi32ELi32ELi64EEENSB_ILi16ELi16ELi32EEEN5awmma8fragmentIN9mmacommon8matrix_aELi16ELi16ELi32EaNSH_9row_majorEEEEENS6_10AiuLoaderBIaNS9_11ColumnMajorESC_SD_SE_NSG_INSH_8matrix_bELi16ELi16ELi32EaNSH_9col_majorEEEEENS_8epilogue11threadblock20PrefetchTileIteratorINST_26OutputTileOptimalThreadMapINST_15OutputTileShapeILi128ELi8ELi2ELi1ELi1EEENSW_ILi1ELi4ELi1ELi1ELi4EEELi256ELi8ELi16EEENS_10bfloat16_tESC_LNSS_20PrefetchStrategyType4KindE0EEEiNS_4arch4Sm80ESC_SD_SE_Li4ENS1_4warp11MmaTensorOpISD_aSA_aSN_iSA_NS16_17MmaTensorOpPolicyINS14_3MmaISE_Li32EaSA_aSN_iSA_NS14_21OpMultiplyAddSaturateEEENS_11MatrixShapeILi1ELi1EEEEELi1ELb0EbLi1ELi1EEEaEENST_19EpilogueWithVisitorINST_27EpilogueVisitorPerRowPerColISC_Li256ENST_22PredicatedTileIteratorISZ_fLb0ELb0EEENS1J_ISZ_S10_Lb0ELb0EEEifNSS_6thread17LinearCombinationIS10_Li8EffLNS1M_9ScaleType4KindE1ELNS_15FloatRoundStyleE2EEELb0ELb0EEESC_NS17_ISD_aSA_aSN_iSA_NS18_INS19_ISE_Li32EaSA_aSN_iSA_NS14_13OpMultiplyAddEEES1D_EELi1ELb0EbLi1ELi1EEELi1ENSS_4warp24FragmentIteratorTensorOpISD_SE_iNS_5ArrayIiLi8ELb1EEESA_Lb0EiEENS1X_25TileIteratorTensorOpMixedISD_SE_iLi32ELi16ELi8ELi8EEENST_23SharedLoadIteratorMixedINSZ_18CompactedThreadMapEiLi32ELi16ELi8ELi8EEENS1C_ILi0ELi4EEELi2ELi1EEENS1_11threadblock30GemmIdentityThreadblockSwizzleILi1EEEEELi512EEEvNT_6ParamsE,1586,17423.021,0.800%
null,_fused_kv_compress_norm_rope_insert_sparse_attn_sm80,1586,14704.807,0.675%
null,fused_qnorm_rope_kv_insert_kernel,1586,12714.475,0.584%
null,_fused_kv_compress_norm_rope_insert_indexer_attn_sm80,780,12662.198,0.581%
null,silu_and_mul_kernel_kernel_rank_2,1586,11976.691,0.550%
null,"void at::native::elementwise_kernel<128, 4, at::native::gpu_kernel_impl_nocast<at::native::(anonymous namespace)::launch_clamp_scalar(at::TensorIteratorBase&, c10::Scalar, c10::Scalar, at::native::detail::ClampLimits)::{lambda()#1}::operator()() const::{lambda()#9}::operator()() const::{lambda(c10::BFloat16)#1}>(at::TensorIteratorBase&, at::native::(anonymous namespace)::launch_clamp_scalar(at::TensorIteratorBase&, c10::Scalar, c10::Scalar, at::native::detail::ClampLimits)::{lambda()#1}::operator()() const::{lambda()#9}::operator()() const::{lambda(c10::BFloat16)#1} const&)::{lambda(int)#1}>(int, at::native::gpu_kernel_impl_nocast<at::native::(anonymous namespace)::launch_clamp_scalar(at::TensorIteratorBase&, c10::Scalar, c10::Scalar, at::native::detail::ClampLimits)::{lambda()#1}::operator()() const::{lambda()#9}::operator()() const::{lambda(c10::BFloat16)#1}>(at::TensorIteratorBase&, at::native::(anonymous namespace)::launch_clamp_scalar(at::TensorIteratorBase&, c10::Scalar, c10::Scalar, at::native::detail::ClampLimits)::{lambda()#1}::operator()() const::{lambda()#9}::operator()() const::{lambda(c10::BFloat16)#1} const&)::{lambda(int)#1})",3172,11659.648,0.535%
null,"void at::native::unrolled_elementwise_kernel<at::native::direct_copy_kernel_cuda(at::TensorIteratorBase&)::{lambda()#3}::operator()() const::{lambda()#3}::operator()() const::{lambda(int)#1}, std::array<char*, 2ul>, 4, TrivialOffsetCalculator<1, unsigned int>, TrivialOffsetCalculator<1, unsigned int>, at::native::memory::LoadWithCast<1>, at::native::memory::StoreWithCast<1> >(int, at::native::direct_copy_kernel_cuda(at::TensorIteratorBase&)::{lambda()#3}::operator()() const::{lambda()#3}::operator()() const::{lambda(int)#1}, std::array<char*, 2ul>, TrivialOffsetCalculator<1, unsigned int>, TrivialOffsetCalculator<1, unsigned int>, at::native::memory::LoadWithCast<1>, at::native::memory::StoreWithCast<1>)",1593,10906.846,0.501%
null,_fwd_kernel_ep_scatter_2_optimal,1586,10654.544,0.489%
null,_save_partial_states_kernel,2366,8996.028,0.413%
null,_gather_flaggems_jit_function,1586,8797.657,0.404%
null,_fwd_kernel_ep_gather,1586,6373.419,0.293%
null,"void flash::flash_fwd_splitkv_mla_combine_kernel<Flash_fwd_kernel_traits<512, 16, 64, 16, false, false, cutlass::bfloat16_t, 512, true, false, 1, 1, 64, 2, 4, Flash_kernel_traits<512, 16, 64, 16, 64, false, cutlass::bfloat16_t> >, 32>(Flash_fwd_params)",1586,6285.458,0.289%
null,mul_scalar_kernel,4758,5558.438,0.255%
null,"void at::native::vectorized_elementwise_kernel<4, at::native::(anonymous namespace)::launch_clamp_scalar(at::TensorIteratorBase&, c10::Scalar, c10::Scalar, at::native::detail::ClampLimits)::{lambda()#1}::operator()() const::{lambda()#7}::operator()() const::{lambda(float)#1}, std::array<char*, 2ul> >(int, at::native::(anonymous namespace)::launch_clamp_scalar(at::TensorIteratorBase&, c10::Scalar, c10::Scalar, at::native::detail::ClampLimits)::{lambda()#1}::operator()() const::{lambda()#7}::operator()() const::{lambda(float)#1}, std::array<char*, 2ul>)",1586,4064.723,0.187%
null,mul_kernel,3172,3906.532,0.179%
null,_to_copy_func_kernel_rank_1,2369,3756.633,0.172%
null,_fused_indexer_q_rope_fp32_kernel,780,3753.924,0.172%
null,reduction_dtypeFP32xFP32xFP32_align4x4_fusion0_prefetch0_rtype0_ptrhost1(acrtc::ReduceKernelArgument<float>),780,3751.045,0.172%
null,_fused_q_kv_rmsnorm_kernel,1586,3513.882,0.161%
null,_fused_inv_rope_float32_per_head,1586,3450.368,0.158%
null,_count_expert_num_tokens,1586,3350.996,0.154%
null,softplus_forward_kernel_rank_1,1586,3288.979,0.151%
null,add_func_kernel_rank_1,1588,3259.518,0.150%
null,sqrt_func_kernel_rank_1,1586,3229.614,0.148%
null,"void cutlass::device_kernel<cutlass::gemm::kernel::Sm80PagedMqaLogits<signed char, int, 1u, 64u, 128u, 64u, 2u, 3u, 64u> >(cutlass::gemm::kernel::Sm80PagedMqaLogits<signed char, int, 1u, 64u, 128u, 64u, 2u, 3u, 64u>::Params)",780,3125.206,0.143%
null,sigmoid_forward_kernel_rank_1,1586,2924.402,0.134%
null,true_div_func_kernel_rank_2,1587,2826.087,0.130%
null,add_func_kernel_rank_2,1508,2588.961,0.119%
null,_fwd_kernel_ep_scatter_1,1586,2485.31,0.114%
null,add_func_tensor_scalar_kernel_rank_1,1586,2279.596,0.105%
null,sum_dim_kernel_inner,1586,2210.919,0.101%
null,_compute_global_topk_indices_and_lens_kernel,780,2172.574,0.100%
null,get_mla_metadata_kernel(Mla_metadata_params),78,1671.561,0.077%
null,full_func_scalar_kernel_rank_1,1586,1654.86,0.076%
null,fill_scalar_func_kernel_rank_1,789,1331.201,0.061%
null,non_tle_top_k_per_row_decode,780,1208.844,0.055%
null,_repeat_flaggems_jit_function,26,790.683,0.036%
null,_compute_slot_mapping_kernel,130,538.358,0.025%
null,hc_head_fuse_tilelang_kernel,26,353.922,0.016%
null,_compressed_slot_mapping_kernel,78,174.839,0.008%
null,_compute_swa_indices_and_lens_kernel,52,139.521,0.006%
null,rms_norm_loop_kernel,26,112.961,0.005%
null,_build_c128a_topk_metadata_kernel,26,100.88,0.005%
null,embedding_kernel,26,78.361,0.004%
null,masked_fill_kernel_kernel_rank_2,26,63.96,0.003%
null,softmax_kernel_inner,1,44.92,0.002%
null,triton_poi_fused___and_____or___add_bitwise_not_ge_lt_mul_sub_0,26,34.281,0.002%
null,"void at::native::elementwise_kernel<128, 4, at::native::gpu_kernel_impl_nocast<at::native::direct_copy_kernel_cuda(at::TensorIteratorBase&)::{lambda()#3}::operator()() const::{lambda()#12}::operator()() const::{lambda(c10::BFloat16)#1}>(at::TensorIteratorBase&, at::native::direct_copy_kernel_cuda(at::TensorIteratorBase&)::{lambda()#3}::operator()() const::{lambda()#12}::operator()() const::{lambda(c10::BFloat16)#1} const&)::{lambda(int)#1}>(int, at::native::gpu_kernel_impl_nocast<at::native::direct_copy_kernel_cuda(at::TensorIteratorBase&)::{lambda()#3}::operator()() const::{lambda()#12}::operator()() const::{lambda(c10::BFloat16)#1}>(at::TensorIteratorBase&, at::native::direct_copy_kernel_cuda(at::TensorIteratorBase&)::{lambda()#3}::operator()() const::{lambda()#12}::operator()() const::{lambda(c10::BFloat16)#1} const&)::{lambda(int)#1})",1,27.84,0.001%
null,fused_exponential_kernel_f32_unroll8,1,27.04,0.001%
null,argmax_kernel_inner,1,26.16,0.001%
null,"void at::native::vectorized_elementwise_kernel<4, at::native::(anonymous namespace)::launch_clamp_scalar(at::TensorIteratorBase&, c10::Scalar, c10::Scalar, at::native::detail::ClampLimits)::{lambda()#1}::operator()() const::{lambda()#3}::operator()() const::{lambda(int)#1}, std::array<char*, 2ul> >(int, at::native::(anonymous namespace)::launch_clamp_scalar(at::TensorIteratorBase&, c10::Scalar, c10::Scalar, at::native::detail::ClampLimits)::{lambda()#1}::operator()() const::{lambda()#3}::operator()() const::{lambda(int)#1}, std::array<char*, 2ul>)",7,24.76,0.001%
null,true_div_func_kernel_rank_1,1,17.92,<0.001%
null,_index_linearized_jit_function,2,4.28,<0.001%
null,ge_func_scalar_kernel_rank_1,2,2.28,<0.001%
null,floor_div_func_tensor_scalar_kernel_rank_1,2,2.12,<0.001%
null,"void at::native::unrolled_elementwise_kernel<at::native::CUDAFunctor_add<int>, std::array<char*, 3ul>, 4, TrivialOffsetCalculator<2, unsigned int>, TrivialOffsetCalculator<1, unsigned int>, at::native::memory::LoadWithoutCast, at::native::memory::StoreWithoutCast>(int, at::native::CUDAFunctor_add<int>, std::array<char*, 3ul>, TrivialOffsetCalculator<2, unsigned int>, TrivialOffsetCalculator<1, unsigned int>, at::native::memory::LoadWithoutCast, at::native::memory::StoreWithoutCast)",1,1.48,<0.001%
null,sub_func_tensor_scalar_kernel_rank_1,1,1.24,<0.001%
