operator_name,kernel_name,variant_index,mapping_status,input_shapes,input_dtypes,candidate_operators,kernel_event_count,kernel_time_us
null,"void pcclKernel_twoShotAllReduceKernel<__ppu_bfloat16, 16, 0, 0, 1, 1>(twoShotDevParams)",1,missing_external_id,null,null,null,3198,418235.895
null,_ZN7cutlass6KernelIN9deep_gemm10GemmKernelIN3aiu4gemm11threadblock13MmaMultistageINS5_10AiuLoaderAIaNS_6layout8RowMajorENS_4gemm9GemmShapeILi64ELi128ELi128EEENSB_ILi32ELi32ELi128EEENSB_ILi16ELi16ELi32EEEN5awmma8fragmentIN9mmacommon8matrix_aELi16ELi16ELi32EaNSH_9row_majorEEEEENS5_10AiuLoaderBIaNS8_11ColumnMajorESC_SD_SE_NSG_INSH_8matrix_bELi16ELi16ELi32EaNSH_9col_majorEEEEENS_8epilogue11threadblock20PrefetchTileIteratorINST_26OutputTileOptimalThreadMapINST_15OutputTileShapeILi128ELi8ELi2ELi1ELi1EEENSW_ILi1ELi4ELi1ELi1ELi4EEELi256ELi8ELi16EEENS_10bfloat16_tESC_LNSS_20PrefetchStrategyType4KindE0EEEiNS_4arch4Sm80ESC_SD_SE_Li3ENSA_4warp11MmaTensorOpISD_aS9_aSN_iS9_NS16_17MmaTensorOpPolicyINS14_3MmaISE_Li32EaS9_aSN_iS9_NS14_13OpMultiplyAddEEENS_11MatrixShapeILi1ELi1EEEEELi1ELb0EbLi1ELi1EEEaEENST_19EpilogueWithVisitorINST_27EpilogueVisitorPerRowPerColISC_Li256ENST_22PredicatedTileIteratorISZ_fLb0ELb0EEENS1J_ISZ_S10_Lb0ELb0EEEifNSS_6thread17LinearCombinationIS10_Li8EifLNS1M_9ScaleType4KindE2ELNS_15FloatRoundStyleE2EEELb0EEESC_S1F_Li1ENSS_4warp24FragmentIteratorTensorOpISD_SE_iNS_5ArrayIiLi8ELb1EEES9_Lb0EiEENS1T_20TileIteratorTensorOpISD_SE_iS9_Lb0EEENST_18SharedLoadIteratorINSZ_18CompactedThreadMapEiLi32EEENS1C_ILi0ELi4EEELi1ELi1EEENS1_9SchedulerIL8GemmType3ELj6144ESC_Lj12ELj16EEELb0EEELi512EEEvNT_6ParamsE,1,missing_external_id,null,null,null,1586,228929.072
null,"pcclKernel_ReduceScatter_RING_LL_Sum___ppu_bfloat16(ncclDevComm*, ncclChannelWork*)",1,missing_external_id,null,null,null,1586,226501.972
null,"pcclKernel_AllGather_RING_LL_Sum_int8_t(ncclDevComm*, ncclChannelWork*)",1,missing_external_id,null,null,null,1587,207415.678
record_param_comms,"pcclKernel_AllGather_RING_LL_Sum_int8_t(ncclDevComm*, ncclChannelWork*)",2,operator_shape_matched,"[[64,8080],[],[],[],[],[],[],[],[],[]]","[""c10::BFloat16"","""","""",""Scalar"","""",""ScalarList"",""ScalarList"",""Scalar"",""Scalar"",""Scalar""]",null,25,3329.645
null,_ZN7cutlass6KernelINS_4gemm6kernel23GemmWithEpilogueVisitorIN3aiu4gemm11threadblock13MmaMultistageINS6_10AiuLoaderAIaNS_6layout8RowMajorENS1_9GemmShapeILi32ELi128ELi64EEENSB_ILi32ELi32ELi64EEENSB_ILi16ELi16ELi32EEEN5awmma8fragmentIN9mmacommon8matrix_aELi16ELi16ELi32EaNSH_9row_majorEEEEENS6_10AiuLoaderBIaNS9_11ColumnMajorESC_SD_SE_NSG_INSH_8matrix_bELi16ELi16ELi32EaNSH_9col_majorEEEEENS_8epilogue11threadblock20PrefetchTileIteratorINST_26OutputTileOptimalThreadMapINST_15OutputTileShapeILi128ELi8ELi1ELi1ELi1EEENSW_ILi1ELi4ELi1ELi1ELi4EEELi128ELi8ELi16EEENS_10bfloat16_tESC_LNSS_20PrefetchStrategyType4KindE0EEEiNS_4arch4Sm80ESC_SD_SE_Li4ENS1_4warp11MmaTensorOpISD_aSA_aSN_iSA_NS16_17MmaTensorOpPolicyINS14_3MmaISE_Li32EaSA_aSN_iSA_NS14_21OpMultiplyAddSaturateEEENS_11MatrixShapeILi1ELi1EEEEELi1ELb0EbLi1ELi1EEEaEENST_19EpilogueWithVisitorINST_27EpilogueVisitorPerRowPerColISC_Li128ENST_22PredicatedTileIteratorISZ_fLb0ELb0EEENS1J_ISZ_S10_Lb0ELb0EEEifNSS_6thread17LinearCombinationIS10_Li8EffLNS1M_9ScaleType4KindE1ELNS_15FloatRoundStyleE2EEELb0ELb0EEESC_NS17_ISD_aSA_aSN_iSA_NS18_INS19_ISE_Li32EaSA_aSN_iSA_NS14_13OpMultiplyAddEEES1D_EELi1ELb0EbLi1ELi1EEELi1ENSS_4warp24FragmentIteratorTensorOpISD_SE_iNS_5ArrayIiLi8ELb1EEESA_Lb0EiEENS1X_25TileIteratorTensorOpMixedISD_SE_iLi32ELi16ELi8ELi8EEENST_23SharedLoadIteratorMixedINSZ_18CompactedThreadMapEiLi32ELi16ELi8ELi8EEENS1C_ILi0ELi4EEELi2ELi1EEENS1_11threadblock30GemmIdentityThreadblockSwizzleILi1EEEEELi512EEEvNT_6ParamsE,1,missing_external_id,null,null,null,7124,167003.302
null,_ZN7cutlass6KernelIN9deep_gemm10GemmKernelIN3aiu4gemm11threadblock13MmaMultistageINS5_10AiuLoaderAIaNS_6layout8RowMajorENS_4gemm9GemmShapeILi64ELi128ELi128EEENSB_ILi32ELi32ELi128EEENSB_ILi16ELi16ELi32EEEN5awmma8fragmentIN9mmacommon8matrix_aELi16ELi16ELi32EaNSH_9row_majorEEEEENS5_10AiuLoaderBIaNS8_11ColumnMajorESC_SD_SE_NSG_INSH_8matrix_bELi16ELi16ELi32EaNSH_9col_majorEEEEENS_8epilogue11threadblock20PrefetchTileIteratorINST_26OutputTileOptimalThreadMapINST_15OutputTileShapeILi128ELi8ELi2ELi1ELi1EEENSW_ILi1ELi4ELi1ELi1ELi4EEELi256ELi8ELi16EEENS_10bfloat16_tESC_LNSS_20PrefetchStrategyType4KindE0EEEiNS_4arch4Sm80ESC_SD_SE_Li3ENSA_4warp11MmaTensorOpISD_aS9_aSN_iS9_NS16_17MmaTensorOpPolicyINS14_3MmaISE_Li32EaS9_aSN_iS9_NS14_13OpMultiplyAddEEENS_11MatrixShapeILi1ELi1EEEEELi1ELb0EbLi1ELi1EEEaEENST_19EpilogueWithVisitorINST_27EpilogueVisitorPerRowPerColISC_Li256ENST_22PredicatedTileIteratorISZ_fLb0ELb0EEENS1J_ISZ_S10_Lb0ELb0EEEifNSS_6thread17LinearCombinationIS10_Li8EifLNS1M_9ScaleType4KindE2ELNS_15FloatRoundStyleE2EEELb0EEESC_S1F_Li1ENSS_4warp24FragmentIteratorTensorOpISD_SE_iNS_5ArrayIiLi8ELb1EEES9_Lb0EiEENS1T_20TileIteratorTensorOpISD_SE_iS9_Lb0EEENST_18SharedLoadIteratorINSZ_18CompactedThreadMapEiLi32EEENS1C_ILi0ELi4EEELi1ELi1EEENS1_9SchedulerIL8GemmType3ELj7168ESC_Lj12ELj16EEELb0EEELi512EEEvNT_6ParamsE,1,missing_external_id,null,null,null,1586,122385.421
null,linear_kernel,1,missing_external_id,null,null,null,2367,108060.609
aten::linear,linear_kernel,2,operator_shape_matched,"[[64,7168],[8080,7168],[]]","[""c10::BFloat16"",""c10::BFloat16"",""""]",null,25,2834.606
null,"void flash::flash_sparse_decode_fwd_kernel<Flash_fwd_kernel_traits<512, 16, 64, 16, false, false, cutlass::bfloat16_t, 512, true, false, 1, 1, 64, 2, 4, Flash_kernel_traits<512, 16, 64, 16, 64, false, cutlass::bfloat16_t> >, true>(Flash_fwd_params)",1,missing_external_id,null,null,null,1586,109047.962
null,hc_prenorm_gemm_tilelang_kernel,1,missing_external_id,null,null,null,3172,74171.252
null,zeros_kernel,1,missing_external_id,null,null,null,47721,49798.448
aten::zero_,zeros_kernel,2,operator_shape_matched,[[64]],"[""long int""]",null,121,85.801
aten::zero_,zeros_kernel,3,operator_shape_matched,"[[64,1]]","[""long int""]",null,25,25.721
aten::zero_,zeros_kernel,4,operator_shape_matched,[[64]],"[""int""]",null,25,25.439
null,_per_token_quant_int8,1,missing_external_id,null,null,null,13468,41799.963
null,mhc_pre_big_fuse_with_norm_tilelang_kernel,1,missing_external_id,null,null,null,3172,41367.898
null,gemm_ktype0_aiu1_mtype1_dtypeBF16xBF16xFP32xFP32xFP32_tile64x256x32x64x64x2_layout0x1x0x0_align1x1x4x4_splitk2_fusion0_prefetch0_fp32tc0_ptrhost1_schedule0,1,missing_external_id,null,null,null,780,32337.545
null,mhc_post_tilelang_kernel,1,missing_external_id,null,null,null,3172,29524.834
null,gemm_ktype0_aiu1_mtype1_dtypeBF16xBF16xFP32xFP32xFP32_tile64x64x16x32x128x4_layout0x1x0x0_align1x1x4x4_splitk0_fusion0_prefetch0_fp32tc0_ptrhost1_schedule0,1,missing_external_id,null,null,null,780,26533.217
null,gemm_ktype0_aiu1_mtype1_dtypeBF16xBF16xFP32xFP32xFP32_tile32x32x16x16x128x3_layout0x1x0x0_align1x1x2x2_splitk0_fusion0_prefetch0_fp32tc0_ptrhost1_schedule0,1,missing_external_id,null,null,null,806,26470.945
null,_ZN7cutlass6KernelIN9deep_gemm10GemmKernelIN3aiu4gemm11threadblock13MmaMultistageINS5_10AiuLoaderAIaNS_6layout8RowMajorENS_4gemm9GemmShapeILi64ELi64ELi128EEENSB_ILi32ELi32ELi128EEENSB_ILi16ELi16ELi32EEEN5awmma8fragmentIN9mmacommon8matrix_aELi16ELi16ELi32EaNSH_9row_majorEEEEENS5_10AiuLoaderBIaNS8_11ColumnMajorESC_SD_SE_NSG_INSH_8matrix_bELi16ELi16ELi32EaNSH_9col_majorEEEEENS_8epilogue11threadblock20PrefetchTileIteratorINST_26OutputTileOptimalThreadMapINST_15OutputTileShapeILi64ELi8ELi2ELi1ELi1EEENSW_ILi1ELi4ELi1ELi1ELi4EEELi128ELi8ELi16EEENS_10bfloat16_tESC_LNSS_20PrefetchStrategyType4KindE0EEEiNS_4arch4Sm80ESC_SD_SE_Li8ENSA_4warp11MmaTensorOpISD_aS9_aSN_iS9_NS16_17MmaTensorOpPolicyINS14_3MmaISE_Li32EaS9_aSN_iS9_NS14_13OpMultiplyAddEEENS_11MatrixShapeILi1ELi1EEEEELi1ELb0EbLi1ELi1EEEaEENST_19EpilogueWithVisitorINST_27EpilogueVisitorPerRowPerColISC_Li128ENST_22PredicatedTileIteratorISZ_fLb0ELb0EEENS1J_ISZ_S10_Lb0ELb0EEEifNSS_6thread17LinearCombinationIS10_Li8EifLNS1M_9ScaleType4KindE2ELNS_15FloatRoundStyleE2EEELb0EEESC_S1F_Li1ENSS_4warp24FragmentIteratorTensorOpISD_SE_iNS_5ArrayIiLi8ELb1EEES9_Lb0EiEENS1T_20TileIteratorTensorOpISD_SE_iS9_Lb0EEENST_18SharedLoadIteratorINSZ_18CompactedThreadMapEiLi32EEENS1C_ILi0ELi4EEELi1ELi1EEENS1_9SchedulerIL8GemmType0ELj1024ESC_Lj1ELj16EEELb0EEELi512EEEvNT_6ParamsE,1,missing_external_id,null,null,null,1586,24904.952
null,topk_single_stage_kernel,1,missing_external_id,null,null,null,1586,24644.665
null,_ZN7cutlass6KernelINS_4gemm6kernel23GemmWithEpilogueVisitorIN3aiu4gemm11threadblock13MmaMultistageINS6_10AiuLoaderAIaNS_6layout8RowMajorENS1_9GemmShapeILi64ELi128ELi64EEENSB_ILi32ELi32ELi64EEENSB_ILi16ELi16ELi32EEEN5awmma8fragmentIN9mmacommon8matrix_aELi16ELi16ELi32EaNSH_9row_majorEEEEENS6_10AiuLoaderBIaNS9_11ColumnMajorESC_SD_SE_NSG_INSH_8matrix_bELi16ELi16ELi32EaNSH_9col_majorEEEEENS_8epilogue11threadblock20PrefetchTileIteratorINST_26OutputTileOptimalThreadMapINST_15OutputTileShapeILi128ELi8ELi2ELi1ELi1EEENSW_ILi1ELi4ELi1ELi1ELi4EEELi256ELi8ELi16EEENS_10bfloat16_tESC_LNSS_20PrefetchStrategyType4KindE0EEEiNS_4arch4Sm80ESC_SD_SE_Li4ENS1_4warp11MmaTensorOpISD_aSA_aSN_iSA_NS16_17MmaTensorOpPolicyINS14_3MmaISE_Li32EaSA_aSN_iSA_NS14_21OpMultiplyAddSaturateEEENS_11MatrixShapeILi1ELi1EEEEELi1ELb0EbLi1ELi1EEEaEENST_19EpilogueWithVisitorINST_27EpilogueVisitorPerRowPerColISC_Li256ENST_22PredicatedTileIteratorISZ_fLb0ELb0EEENS1J_ISZ_S10_Lb0ELb0EEEifNSS_6thread17LinearCombinationIS10_Li8EffLNS1M_9ScaleType4KindE1ELNS_15FloatRoundStyleE2EEELb0ELb0EEESC_NS17_ISD_aSA_aSN_iSA_NS18_INS19_ISE_Li32EaSA_aSN_iSA_NS14_13OpMultiplyAddEEES1D_EELi1ELb0EbLi1ELi1EEELi1ENSS_4warp24FragmentIteratorTensorOpISD_SE_iNS_5ArrayIiLi8ELb1EEESA_Lb0EiEENS1X_25TileIteratorTensorOpMixedISD_SE_iLi32ELi16ELi8ELi8EEENST_23SharedLoadIteratorMixedINSZ_18CompactedThreadMapEiLi32ELi16ELi8ELi8EEENS1C_ILi0ELi4EEELi2ELi1EEENS1_11threadblock30GemmIdentityThreadblockSwizzleILi1EEEEELi512EEEvNT_6ParamsE,1,missing_external_id,null,null,null,1586,17423.021
null,_fused_kv_compress_norm_rope_insert_sparse_attn_sm80,1,missing_external_id,null,null,null,1586,14704.807
null,fused_qnorm_rope_kv_insert_kernel,1,missing_external_id,null,null,null,1586,12714.475
null,_fused_kv_compress_norm_rope_insert_indexer_attn_sm80,1,missing_external_id,null,null,null,780,12662.198
null,silu_and_mul_kernel_kernel_rank_2,1,missing_external_id,null,null,null,1586,11976.691
null,"void at::native::elementwise_kernel<128, 4, at::native::gpu_kernel_impl_nocast<at::native::(anonymous namespace)::launch_clamp_scalar(at::TensorIteratorBase&, c10::Scalar, c10::Scalar, at::native::detail::ClampLimits)::{lambda()#1}::operator()() const::{lambda()#9}::operator()() const::{lambda(c10::BFloat16)#1}>(at::TensorIteratorBase&, at::native::(anonymous namespace)::launch_clamp_scalar(at::TensorIteratorBase&, c10::Scalar, c10::Scalar, at::native::detail::ClampLimits)::{lambda()#1}::operator()() const::{lambda()#9}::operator()() const::{lambda(c10::BFloat16)#1} const&)::{lambda(int)#1}>(int, at::native::gpu_kernel_impl_nocast<at::native::(anonymous namespace)::launch_clamp_scalar(at::TensorIteratorBase&, c10::Scalar, c10::Scalar, at::native::detail::ClampLimits)::{lambda()#1}::operator()() const::{lambda()#9}::operator()() const::{lambda(c10::BFloat16)#1}>(at::TensorIteratorBase&, at::native::(anonymous namespace)::launch_clamp_scalar(at::TensorIteratorBase&, c10::Scalar, c10::Scalar, at::native::detail::ClampLimits)::{lambda()#1}::operator()() const::{lambda()#9}::operator()() const::{lambda(c10::BFloat16)#1} const&)::{lambda(int)#1})",1,missing_external_id,null,null,null,3172,11659.648
null,"void at::native::unrolled_elementwise_kernel<at::native::direct_copy_kernel_cuda(at::TensorIteratorBase&)::{lambda()#3}::operator()() const::{lambda()#3}::operator()() const::{lambda(int)#1}, std::array<char*, 2ul>, 4, TrivialOffsetCalculator<1, unsigned int>, TrivialOffsetCalculator<1, unsigned int>, at::native::memory::LoadWithCast<1>, at::native::memory::StoreWithCast<1> >(int, at::native::direct_copy_kernel_cuda(at::TensorIteratorBase&)::{lambda()#3}::operator()() const::{lambda()#3}::operator()() const::{lambda(int)#1}, std::array<char*, 2ul>, TrivialOffsetCalculator<1, unsigned int>, TrivialOffsetCalculator<1, unsigned int>, at::native::memory::LoadWithCast<1>, at::native::memory::StoreWithCast<1>)",1,missing_external_id,null,null,null,1593,10906.846
aten::copy_,"void at::native::unrolled_elementwise_kernel<at::native::direct_copy_kernel_cuda(at::TensorIteratorBase&)::{lambda()#3}::operator()() const::{lambda()#3}::operator()() const::{lambda(int)#1}, std::array<char*, 2ul>, 4, TrivialOffsetCalculator<1, unsigned int>, TrivialOffsetCalculator<1, unsigned int>, at::native::memory::LoadWithCast<1>, at::native::memory::StoreWithCast<1> >(int, at::native::direct_copy_kernel_cuda(at::TensorIteratorBase&)::{lambda()#3}::operator()() const::{lambda()#3}::operator()() const::{lambda(int)#1}, std::array<char*, 2ul>, TrivialOffsetCalculator<1, unsigned int>, TrivialOffsetCalculator<1, unsigned int>, at::native::memory::LoadWithCast<1>, at::native::memory::StoreWithCast<1>)",2,operator_shape_matched,"[[64],[64],[]]","[""int"",""long int"",""Scalar""]",null,123,302.24
null,_fwd_kernel_ep_scatter_2_optimal,1,missing_external_id,null,null,null,1586,10654.544
null,_save_partial_states_kernel,1,missing_external_id,null,null,null,2366,8996.028
null,_gather_flaggems_jit_function,1,missing_external_id,null,null,null,1586,8797.657
null,_fwd_kernel_ep_gather,1,missing_external_id,null,null,null,1586,6373.419
null,"void flash::flash_fwd_splitkv_mla_combine_kernel<Flash_fwd_kernel_traits<512, 16, 64, 16, false, false, cutlass::bfloat16_t, 512, true, false, 1, 1, 64, 2, 4, Flash_kernel_traits<512, 16, 64, 16, 64, false, cutlass::bfloat16_t> >, 32>(Flash_fwd_params)",1,missing_external_id,null,null,null,1586,6285.458
null,mul_scalar_kernel,1,missing_external_id,null,null,null,4758,5558.438
null,_to_copy_func_kernel_rank_1,1,missing_external_id,null,null,null,2369,3756.633
aten::_to_copy,_to_copy_func_kernel_rank_1,2,operator_shape_matched,"[[64,129280],[],[],[],[],[],[]]","[""c10::BFloat16"",""Scalar"","""","""","""",""Scalar"",""""]",null,25,302.04
aten::_to_copy,_to_copy_func_kernel_rank_1,3,operator_shape_matched,"[[64],[],[],[],[],[],[]]","[""long int"",""Scalar"","""","""","""",""Scalar"",""""]",null,25,30.079
aten::_to_copy,_to_copy_func_kernel_rank_1,4,operator_shape_matched,"[[64],[],[],[],[],[],[]]","[""int"",""Scalar"","""","""","""",""Scalar"",""""]",null,25,29.84
null,"void at::native::vectorized_elementwise_kernel<4, at::native::(anonymous namespace)::launch_clamp_scalar(at::TensorIteratorBase&, c10::Scalar, c10::Scalar, at::native::detail::ClampLimits)::{lambda()#1}::operator()() const::{lambda()#7}::operator()() const::{lambda(float)#1}, std::array<char*, 2ul> >(int, at::native::(anonymous namespace)::launch_clamp_scalar(at::TensorIteratorBase&, c10::Scalar, c10::Scalar, at::native::detail::ClampLimits)::{lambda()#1}::operator()() const::{lambda()#7}::operator()() const::{lambda(float)#1}, std::array<char*, 2ul>)",1,missing_external_id,null,null,null,1586,4064.723
null,mul_kernel,1,missing_external_id,null,null,null,3172,3906.532
null,_fused_indexer_q_rope_fp32_kernel,1,missing_external_id,null,null,null,780,3753.924
null,reduction_dtypeFP32xFP32xFP32_align4x4_fusion0_prefetch0_rtype0_ptrhost1(acrtc::ReduceKernelArgument<float>),1,missing_external_id,null,null,null,780,3751.045
null,_fused_q_kv_rmsnorm_kernel,1,missing_external_id,null,null,null,1586,3513.882
null,_fused_inv_rope_float32_per_head,1,missing_external_id,null,null,null,1586,3450.368
null,_count_expert_num_tokens,1,missing_external_id,null,null,null,1586,3350.996
null,add_func_kernel_rank_1,1,missing_external_id,null,null,null,1588,3259.518
aten::add,add_func_kernel_rank_1,2,operator_shape_matched,"[[64],[64],[]]","[""int"",""int"",""Scalar""]",null,25,42.0
aten::add,add_func_kernel_rank_1,3,operator_shape_matched,"[[64],[64],[]]","[""long int"",""long int"",""Scalar""]",null,25,36.0
null,true_div_func_kernel_rank_2,1,missing_external_id,null,null,null,1587,2826.087
aten::div_,true_div_func_kernel_rank_2,2,operator_shape_matched,"[[64,129280],[64,1]]","[""float"",""float""]",null,25,499.521
null,softplus_forward_kernel_rank_1,1,missing_external_id,null,null,null,1586,3288.979
null,sqrt_func_kernel_rank_1,1,missing_external_id,null,null,null,1586,3229.614
null,"void cutlass::device_kernel<cutlass::gemm::kernel::Sm80PagedMqaLogits<signed char, int, 1u, 64u, 128u, 64u, 2u, 3u, 64u> >(cutlass::gemm::kernel::Sm80PagedMqaLogits<signed char, int, 1u, 64u, 128u, 64u, 2u, 3u, 64u>::Params)",1,missing_external_id,null,null,null,780,3125.206
null,sigmoid_forward_kernel_rank_1,1,missing_external_id,null,null,null,1586,2924.402
null,add_func_kernel_rank_2,1,missing_external_id,null,null,null,1508,2588.961
null,_fwd_kernel_ep_scatter_1,1,missing_external_id,null,null,null,1586,2485.31
null,add_func_tensor_scalar_kernel_rank_1,1,missing_external_id,null,null,null,1586,2279.596
null,sum_dim_kernel_inner,1,missing_external_id,null,null,null,1586,2210.919
null,_compute_global_topk_indices_and_lens_kernel,1,missing_external_id,null,null,null,780,2172.574
null,get_mla_metadata_kernel(Mla_metadata_params),1,missing_external_id,null,null,null,78,1671.561
null,full_func_scalar_kernel_rank_1,1,missing_external_id,null,null,null,1586,1654.86
null,fill_scalar_func_kernel_rank_1,1,missing_external_id,null,null,null,789,1331.201
aten::fill_,fill_scalar_func_kernel_rank_1,2,operator_shape_matched,"[[8192],[]]","[""long int"",""Scalar""]",null,75,88.282
aten::fill_,fill_scalar_func_kernel_rank_1,3,operator_shape_matched,"[[8192],[]]","[""int"",""Scalar""]",null,50,52.28
aten::fill_,fill_scalar_func_kernel_rank_1,4,operator_shape_matched,"[[8128],[]]","[""int"",""int""]",null,50,49.64
aten::fill_,fill_scalar_func_kernel_rank_1,5,operator_shape_matched,"[[1024],[]]","[""int"",""Scalar""]",null,25,32.719
aten::fill_,fill_scalar_func_kernel_rank_1,6,operator_shape_matched,"[[960],[]]","[""int"",""Scalar""]",null,25,24.321
null,non_tle_top_k_per_row_decode,1,missing_external_id,null,null,null,780,1208.844
aten::_softmax,softmax_kernel_inner,1,operator_shape_matched,"[[64,129280],[],[]]","[""float"",""Scalar"",""Scalar""]",null,25,1129.322
null,softmax_kernel_inner,2,missing_external_id,null,null,null,1,44.92
null,_repeat_flaggems_jit_function,1,missing_external_id,null,null,null,26,790.683
aten::copy_,"void at::native::elementwise_kernel<128, 4, at::native::gpu_kernel_impl_nocast<at::native::direct_copy_kernel_cuda(at::TensorIteratorBase&)::{lambda()#3}::operator()() const::{lambda()#12}::operator()() const::{lambda(c10::BFloat16)#1}>(at::TensorIteratorBase&, at::native::direct_copy_kernel_cuda(at::TensorIteratorBase&)::{lambda()#3}::operator()() const::{lambda()#12}::operator()() const::{lambda(c10::BFloat16)#1} const&)::{lambda(int)#1}>(int, at::native::gpu_kernel_impl_nocast<at::native::direct_copy_kernel_cuda(at::TensorIteratorBase&)::{lambda()#3}::operator()() const::{lambda()#12}::operator()() const::{lambda(c10::BFloat16)#1}>(at::TensorIteratorBase&, at::native::direct_copy_kernel_cuda(at::TensorIteratorBase&)::{lambda()#3}::operator()() const::{lambda()#12}::operator()() const::{lambda(c10::BFloat16)#1} const&)::{lambda(int)#1})",1,operator_shape_matched,"[[64,16,8080],[64,16,8080],[]]","[""c10::BFloat16"",""c10::BFloat16"",""Scalar""]",null,25,692.003
null,"void at::native::elementwise_kernel<128, 4, at::native::gpu_kernel_impl_nocast<at::native::direct_copy_kernel_cuda(at::TensorIteratorBase&)::{lambda()#3}::operator()() const::{lambda()#12}::operator()() const::{lambda(c10::BFloat16)#1}>(at::TensorIteratorBase&, at::native::direct_copy_kernel_cuda(at::TensorIteratorBase&)::{lambda()#3}::operator()() const::{lambda()#12}::operator()() const::{lambda(c10::BFloat16)#1} const&)::{lambda(int)#1}>(int, at::native::gpu_kernel_impl_nocast<at::native::direct_copy_kernel_cuda(at::TensorIteratorBase&)::{lambda()#3}::operator()() const::{lambda()#12}::operator()() const::{lambda(c10::BFloat16)#1}>(at::TensorIteratorBase&, at::native::direct_copy_kernel_cuda(at::TensorIteratorBase&)::{lambda()#3}::operator()() const::{lambda()#12}::operator()() const::{lambda(c10::BFloat16)#1} const&)::{lambda(int)#1})",2,missing_external_id,null,null,null,1,27.84
aten::exponential_,fused_exponential_kernel_f32_unroll8,1,operator_shape_matched,"[[64,129280],[],[]]","[""float"",""Scalar"",""""]",null,25,667.882
null,fused_exponential_kernel_f32_unroll8,2,missing_external_id,null,null,null,1,27.04
aten::argmax,argmax_kernel_inner,1,operator_shape_matched,"[[64,129280],[],[]]","[""float"",""Scalar"",""Scalar""]",null,25,665.522
null,argmax_kernel_inner,2,missing_external_id,null,null,null,1,26.16
null,_compute_slot_mapping_kernel,1,missing_external_id,null,null,null,130,538.358
aten::clamp_,"void at::native::vectorized_elementwise_kernel<4, at::native::(anonymous namespace)::launch_clamp_scalar(at::TensorIteratorBase&, c10::Scalar, c10::Scalar, at::native::detail::ClampLimits)::{lambda()#1}::operator()() const::{lambda()#3}::operator()() const::{lambda(int)#1}, std::array<char*, 2ul> >(int, at::native::(anonymous namespace)::launch_clamp_scalar(at::TensorIteratorBase&, c10::Scalar, c10::Scalar, at::native::detail::ClampLimits)::{lambda()#1}::operator()() const::{lambda()#3}::operator()() const::{lambda(int)#1}, std::array<char*, 2ul>)",1,operator_shape_matched,"[[64,16384],[],[]]","[""int"",""Scalar"",""""]",null,48,249.042
aten::clamp_,"void at::native::vectorized_elementwise_kernel<4, at::native::(anonymous namespace)::launch_clamp_scalar(at::TensorIteratorBase&, c10::Scalar, c10::Scalar, at::native::detail::ClampLimits)::{lambda()#1}::operator()() const::{lambda()#3}::operator()() const::{lambda(int)#1}, std::array<char*, 2ul> >(int, at::native::(anonymous namespace)::launch_clamp_scalar(at::TensorIteratorBase&, c10::Scalar, c10::Scalar, at::native::detail::ClampLimits)::{lambda()#1}::operator()() const::{lambda()#3}::operator()() const::{lambda(int)#1}, std::array<char*, 2ul>)",2,operator_shape_matched,"[[64,8192],[],[]]","[""int"",""Scalar"",""""]",null,25,106.322
aten::clamp,"void at::native::vectorized_elementwise_kernel<4, at::native::(anonymous namespace)::launch_clamp_scalar(at::TensorIteratorBase&, c10::Scalar, c10::Scalar, at::native::detail::ClampLimits)::{lambda()#1}::operator()() const::{lambda()#3}::operator()() const::{lambda(int)#1}, std::array<char*, 2ul> >(int, at::native::(anonymous namespace)::launch_clamp_scalar(at::TensorIteratorBase&, c10::Scalar, c10::Scalar, at::native::detail::ClampLimits)::{lambda()#1}::operator()() const::{lambda()#3}::operator()() const::{lambda(int)#1}, std::array<char*, 2ul>)",3,operator_shape_matched,"[[64,256],[],[]]","[""int"",""Scalar"",""""]",null,50,91.48
null,"void at::native::vectorized_elementwise_kernel<4, at::native::(anonymous namespace)::launch_clamp_scalar(at::TensorIteratorBase&, c10::Scalar, c10::Scalar, at::native::detail::ClampLimits)::{lambda()#1}::operator()() const::{lambda()#3}::operator()() const::{lambda(int)#1}, std::array<char*, 2ul> >(int, at::native::(anonymous namespace)::launch_clamp_scalar(at::TensorIteratorBase&, c10::Scalar, c10::Scalar, at::native::detail::ClampLimits)::{lambda()#1}::operator()() const::{lambda()#3}::operator()() const::{lambda(int)#1}, std::array<char*, 2ul>)",4,missing_external_id,null,null,null,7,24.76
aten::div_,true_div_func_kernel_rank_1,1,operator_shape_matched,"[[64,129280],[64,129280]]","[""float"",""float""]",null,25,425.761
null,true_div_func_kernel_rank_1,2,missing_external_id,null,null,null,1,17.92
null,hc_head_fuse_tilelang_kernel,1,missing_external_id,null,null,null,26,353.922
null,_compressed_slot_mapping_kernel,1,missing_external_id,null,null,null,78,174.839
null,_compute_swa_indices_and_lens_kernel,1,missing_external_id,null,null,null,52,139.521
null,rms_norm_loop_kernel,1,missing_external_id,null,null,null,26,112.961
aten::index,_index_linearized_jit_function,1,operator_shape_matched,"[[64,7168],[]]","[""c10::BFloat16"",""""]",null,25,54.839
aten::index,_index_linearized_jit_function,2,operator_shape_matched,"[[1024],[]]","[""int"",""""]",null,25,46.357
null,_index_linearized_jit_function,3,missing_external_id,null,null,null,2,4.28
null,_build_c128a_topk_metadata_kernel,1,missing_external_id,null,null,null,26,100.88
null,embedding_kernel,1,missing_external_id,null,null,null,26,78.361
null,masked_fill_kernel_kernel_rank_2,1,missing_external_id,null,null,null,26,63.96
aten::floor_divide,floor_div_func_tensor_scalar_kernel_rank_1,1,operator_shape_matched,"[[64],[]]","[""int"",""long int""]",null,50,55.88
null,floor_div_func_tensor_scalar_kernel_rank_1,2,missing_external_id,null,null,null,2,2.12
aten::ge,ge_func_scalar_kernel_rank_1,1,operator_shape_matched,"[[64],[]]","[""long int"",""Scalar""]",null,50,52.359
null,ge_func_scalar_kernel_rank_1,2,missing_external_id,null,null,null,2,2.28
aten::sub,"void at::native::unrolled_elementwise_kernel<at::native::CUDAFunctor_add<int>, std::array<char*, 3ul>, 4, TrivialOffsetCalculator<2, unsigned int>, TrivialOffsetCalculator<1, unsigned int>, at::native::memory::LoadWithoutCast, at::native::memory::StoreWithoutCast>(int, at::native::CUDAFunctor_add<int>, std::array<char*, 3ul>, TrivialOffsetCalculator<2, unsigned int>, TrivialOffsetCalculator<1, unsigned int>, at::native::memory::LoadWithoutCast, at::native::memory::StoreWithoutCast)",1,operator_shape_matched,"[[64],[64],[],[64]]","[""int"",""int"",""Scalar"",""int""]",null,25,38.92
null,"void at::native::unrolled_elementwise_kernel<at::native::CUDAFunctor_add<int>, std::array<char*, 3ul>, 4, TrivialOffsetCalculator<2, unsigned int>, TrivialOffsetCalculator<1, unsigned int>, at::native::memory::LoadWithoutCast, at::native::memory::StoreWithoutCast>(int, at::native::CUDAFunctor_add<int>, std::array<char*, 3ul>, TrivialOffsetCalculator<2, unsigned int>, TrivialOffsetCalculator<1, unsigned int>, at::native::memory::LoadWithoutCast, at::native::memory::StoreWithoutCast)",2,missing_external_id,null,null,null,1,1.48
null,triton_poi_fused___and_____or___add_bitwise_not_ge_lt_mul_sub_0,1,missing_external_id,null,null,null,26,34.281
aten::sub,sub_func_tensor_scalar_kernel_rank_1,1,operator_shape_matched,"[[64],[],[]]","[""int"",""long int"",""Scalar""]",null,25,29.281
null,sub_func_tensor_scalar_kernel_rank_1,2,missing_external_id,null,null,null,1,1.24
