operator_id,operator_name,operator_kind,kernel_name,kernel_time_percent(%)
1,aten::_softmax,aten,softmax_kernel_inner,0.05
2,aten::_to_copy,aten,_to_copy_func_kernel_rank_1,0.02
3,aten::add,aten,add_func_kernel_rank_1,<0.01
4,aten::argmax,aten,argmax_kernel_inner,0.03
5,aten::clamp,aten,"void at::native::vectorized_elementwise_kernel<4, at::native::(anonymous namespace)::launch_clamp_scalar(at::TensorIteratorBase&, c10::Scalar, c10::Scalar, at::native::detail::ClampLimits)::{lambda()#1}::operator()() const::{lambda()#3}::operator()() const::{lambda(int)#1}, std::array<char*, 2ul> >(int, at::native::(anonymous namespace)::launch_clamp_scalar(at::TensorIteratorBase&, c10::Scalar, c10::Scalar, at::native::detail::ClampLimits)::{lambda()#1}::operator()() const::{lambda()#3}::operator()() const::{lambda(int)#1}, std::array<char*, 2ul>)",<0.01
6,aten::clamp_,aten,"void at::native::vectorized_elementwise_kernel<4, at::native::(anonymous namespace)::launch_clamp_scalar(at::TensorIteratorBase&, c10::Scalar, c10::Scalar, at::native::detail::ClampLimits)::{lambda()#1}::operator()() const::{lambda()#3}::operator()() const::{lambda(int)#1}, std::array<char*, 2ul> >(int, at::native::(anonymous namespace)::launch_clamp_scalar(at::TensorIteratorBase&, c10::Scalar, c10::Scalar, at::native::detail::ClampLimits)::{lambda()#1}::operator()() const::{lambda()#3}::operator()() const::{lambda(int)#1}, std::array<char*, 2ul>)",0.02
7,aten::copy_,aten,"void at::native::elementwise_kernel<128, 4, at::native::gpu_kernel_impl_nocast<at::native::direct_copy_kernel_cuda(at::TensorIteratorBase&)::{lambda()#3}::operator()() const::{lambda()#12}::operator()() const::{lambda(c10::BFloat16)#1}>(at::TensorIteratorBase&, at::native::direct_copy_kernel_cuda(at::TensorIteratorBase&)::{lambda()#3}::operator()() const::{lambda()#12}::operator()() const::{lambda(c10::BFloat16)#1} const&)::{lambda(int)#1}>(int, at::native::gpu_kernel_impl_nocast<at::native::direct_copy_kernel_cuda(at::TensorIteratorBase&)::{lambda()#3}::operator()() const::{lambda()#12}::operator()() const::{lambda(c10::BFloat16)#1}>(at::TensorIteratorBase&, at::native::direct_copy_kernel_cuda(at::TensorIteratorBase&)::{lambda()#3}::operator()() const::{lambda()#12}::operator()() const::{lambda(c10::BFloat16)#1} const&)::{lambda(int)#1})",0.03
7,aten::copy_,aten,"void at::native::unrolled_elementwise_kernel<at::native::direct_copy_kernel_cuda(at::TensorIteratorBase&)::{lambda()#3}::operator()() const::{lambda()#3}::operator()() const::{lambda(int)#1}, std::array<char*, 2ul>, 4, TrivialOffsetCalculator<1, unsigned int>, TrivialOffsetCalculator<1, unsigned int>, at::native::memory::LoadWithCast<1>, at::native::memory::StoreWithCast<1> >(int, at::native::direct_copy_kernel_cuda(at::TensorIteratorBase&)::{lambda()#3}::operator()() const::{lambda()#3}::operator()() const::{lambda(int)#1}, std::array<char*, 2ul>, TrivialOffsetCalculator<1, unsigned int>, TrivialOffsetCalculator<1, unsigned int>, at::native::memory::LoadWithCast<1>, at::native::memory::StoreWithCast<1>)",0.01
8,aten::div_,aten,true_div_func_kernel_rank_1,0.02
8,aten::div_,aten,true_div_func_kernel_rank_2,0.02
9,aten::exponential_,aten,fused_exponential_kernel_f32_unroll8,0.03
10,aten::fill_,aten,fill_scalar_func_kernel_rank_1,0.01
11,aten::floor_divide,aten,floor_div_func_tensor_scalar_kernel_rank_1,<0.01
12,aten::ge,aten,ge_func_scalar_kernel_rank_1,<0.01
13,aten::index,aten,_index_linearized_jit_function,<0.01
14,aten::linear,aten,linear_kernel,0.13
15,aten::sub,aten,sub_func_tensor_scalar_kernel_rank_1,<0.01
15,aten::sub,aten,"void at::native::unrolled_elementwise_kernel<at::native::CUDAFunctor_add<int>, std::array<char*, 3ul>, 4, TrivialOffsetCalculator<2, unsigned int>, TrivialOffsetCalculator<1, unsigned int>, at::native::memory::LoadWithoutCast, at::native::memory::StoreWithoutCast>(int, at::native::CUDAFunctor_add<int>, std::array<char*, 3ul>, TrivialOffsetCalculator<2, unsigned int>, TrivialOffsetCalculator<1, unsigned int>, at::native::memory::LoadWithoutCast, at::native::memory::StoreWithoutCast)",<0.01
16,aten::zero_,aten,zeros_kernel,<0.01
17,null,triton_compiled,triton_poi_fused___and_____or___add_bitwise_not_ge_lt_mul_sub_0,<0.01
18,null,unattributed,_ZN7cutlass6KernelIN9deep_gemm10GemmKernelIN3aiu4gemm11threadblock13MmaMultistageINS5_10AiuLoaderAIaNS_6layout8RowMajorENS_4gemm9GemmShapeILi64ELi128ELi128EEENSB_ILi32ELi32ELi128EEENSB_ILi16ELi16ELi32EEEN5awmma8fragmentIN9mmacommon8matrix_aELi16ELi16ELi32EaNSH_9row_majorEEEEENS5_10AiuLoaderBIaNS8_11ColumnMajorESC_SD_SE_NSG_INSH_8matrix_bELi16ELi16ELi32EaNSH_9col_majorEEEEENS_8epilogue11threadblock20PrefetchTileIteratorINST_26OutputTileOptimalThreadMapINST_15OutputTileShapeILi128ELi8ELi2ELi1ELi1EEENSW_ILi1ELi4ELi1ELi1ELi4EEELi256ELi8ELi16EEENS_10bfloat16_tESC_LNSS_20PrefetchStrategyType4KindE0EEEiNS_4arch4Sm80ESC_SD_SE_Li3ENSA_4warp11MmaTensorOpISD_aS9_aSN_iS9_NS16_17MmaTensorOpPolicyINS14_3MmaISE_Li32EaS9_aSN_iS9_NS14_13OpMultiplyAddEEENS_11MatrixShapeILi1ELi1EEEEELi1ELb0EbLi1ELi1EEEaEENST_19EpilogueWithVisitorINST_27EpilogueVisitorPerRowPerColISC_Li256ENST_22PredicatedTileIteratorISZ_fLb0ELb0EEENS1J_ISZ_S10_Lb0ELb0EEEifNSS_6thread17LinearCombinationIS10_Li8EifLNS1M_9ScaleType4KindE2ELNS_15FloatRoundStyleE2EEELb0EEESC_S1F_Li1ENSS_4warp24FragmentIteratorTensorOpISD_SE_iNS_5ArrayIiLi8ELb1EEES9_Lb0EiEENS1T_20TileIteratorTensorOpISD_SE_iS9_Lb0EEENST_18SharedLoadIteratorINSZ_18CompactedThreadMapEiLi32EEENS1C_ILi0ELi4EEELi1ELi1EEENS1_9SchedulerIL8GemmType3ELj6144ESC_Lj12ELj16EEELb0EEELi512EEEvNT_6ParamsE,10.51
19,null,unattributed,_ZN7cutlass6KernelIN9deep_gemm10GemmKernelIN3aiu4gemm11threadblock13MmaMultistageINS5_10AiuLoaderAIaNS_6layout8RowMajorENS_4gemm9GemmShapeILi64ELi128ELi128EEENSB_ILi32ELi32ELi128EEENSB_ILi16ELi16ELi32EEEN5awmma8fragmentIN9mmacommon8matrix_aELi16ELi16ELi32EaNSH_9row_majorEEEEENS5_10AiuLoaderBIaNS8_11ColumnMajorESC_SD_SE_NSG_INSH_8matrix_bELi16ELi16ELi32EaNSH_9col_majorEEEEENS_8epilogue11threadblock20PrefetchTileIteratorINST_26OutputTileOptimalThreadMapINST_15OutputTileShapeILi128ELi8ELi2ELi1ELi1EEENSW_ILi1ELi4ELi1ELi1ELi4EEELi256ELi8ELi16EEENS_10bfloat16_tESC_LNSS_20PrefetchStrategyType4KindE0EEEiNS_4arch4Sm80ESC_SD_SE_Li3ENSA_4warp11MmaTensorOpISD_aS9_aSN_iS9_NS16_17MmaTensorOpPolicyINS14_3MmaISE_Li32EaS9_aSN_iS9_NS14_13OpMultiplyAddEEENS_11MatrixShapeILi1ELi1EEEEELi1ELb0EbLi1ELi1EEEaEENST_19EpilogueWithVisitorINST_27EpilogueVisitorPerRowPerColISC_Li256ENST_22PredicatedTileIteratorISZ_fLb0ELb0EEENS1J_ISZ_S10_Lb0ELb0EEEifNSS_6thread17LinearCombinationIS10_Li8EifLNS1M_9ScaleType4KindE2ELNS_15FloatRoundStyleE2EEELb0EEESC_S1F_Li1ENSS_4warp24FragmentIteratorTensorOpISD_SE_iNS_5ArrayIiLi8ELb1EEES9_Lb0EiEENS1T_20TileIteratorTensorOpISD_SE_iS9_Lb0EEENST_18SharedLoadIteratorINSZ_18CompactedThreadMapEiLi32EEENS1C_ILi0ELi4EEELi1ELi1EEENS1_9SchedulerIL8GemmType3ELj7168ESC_Lj12ELj16EEELb0EEELi512EEEvNT_6ParamsE,5.62
20,null,unattributed,_ZN7cutlass6KernelIN9deep_gemm10GemmKernelIN3aiu4gemm11threadblock13MmaMultistageINS5_10AiuLoaderAIaNS_6layout8RowMajorENS_4gemm9GemmShapeILi64ELi64ELi128EEENSB_ILi32ELi32ELi128EEENSB_ILi16ELi16ELi32EEEN5awmma8fragmentIN9mmacommon8matrix_aELi16ELi16ELi32EaNSH_9row_majorEEEEENS5_10AiuLoaderBIaNS8_11ColumnMajorESC_SD_SE_NSG_INSH_8matrix_bELi16ELi16ELi32EaNSH_9col_majorEEEEENS_8epilogue11threadblock20PrefetchTileIteratorINST_26OutputTileOptimalThreadMapINST_15OutputTileShapeILi64ELi8ELi2ELi1ELi1EEENSW_ILi1ELi4ELi1ELi1ELi4EEELi128ELi8ELi16EEENS_10bfloat16_tESC_LNSS_20PrefetchStrategyType4KindE0EEEiNS_4arch4Sm80ESC_SD_SE_Li8ENSA_4warp11MmaTensorOpISD_aS9_aSN_iS9_NS16_17MmaTensorOpPolicyINS14_3MmaISE_Li32EaS9_aSN_iS9_NS14_13OpMultiplyAddEEENS_11MatrixShapeILi1ELi1EEEEELi1ELb0EbLi1ELi1EEEaEENST_19EpilogueWithVisitorINST_27EpilogueVisitorPerRowPerColISC_Li128ENST_22PredicatedTileIteratorISZ_fLb0ELb0EEENS1J_ISZ_S10_Lb0ELb0EEEifNSS_6thread17LinearCombinationIS10_Li8EifLNS1M_9ScaleType4KindE2ELNS_15FloatRoundStyleE2EEELb0EEESC_S1F_Li1ENSS_4warp24FragmentIteratorTensorOpISD_SE_iNS_5ArrayIiLi8ELb1EEES9_Lb0EiEENS1T_20TileIteratorTensorOpISD_SE_iS9_Lb0EEENST_18SharedLoadIteratorINSZ_18CompactedThreadMapEiLi32EEENS1C_ILi0ELi4EEELi1ELi1EEENS1_9SchedulerIL8GemmType0ELj1024ESC_Lj1ELj16EEELb0EEELi512EEEvNT_6ParamsE,1.14
21,null,unattributed,_ZN7cutlass6KernelINS_4gemm6kernel23GemmWithEpilogueVisitorIN3aiu4gemm11threadblock13MmaMultistageINS6_10AiuLoaderAIaNS_6layout8RowMajorENS1_9GemmShapeILi32ELi128ELi64EEENSB_ILi32ELi32ELi64EEENSB_ILi16ELi16ELi32EEEN5awmma8fragmentIN9mmacommon8matrix_aELi16ELi16ELi32EaNSH_9row_majorEEEEENS6_10AiuLoaderBIaNS9_11ColumnMajorESC_SD_SE_NSG_INSH_8matrix_bELi16ELi16ELi32EaNSH_9col_majorEEEEENS_8epilogue11threadblock20PrefetchTileIteratorINST_26OutputTileOptimalThreadMapINST_15OutputTileShapeILi128ELi8ELi1ELi1ELi1EEENSW_ILi1ELi4ELi1ELi1ELi4EEELi128ELi8ELi16EEENS_10bfloat16_tESC_LNSS_20PrefetchStrategyType4KindE0EEEiNS_4arch4Sm80ESC_SD_SE_Li4ENS1_4warp11MmaTensorOpISD_aSA_aSN_iSA_NS16_17MmaTensorOpPolicyINS14_3MmaISE_Li32EaSA_aSN_iSA_NS14_21OpMultiplyAddSaturateEEENS_11MatrixShapeILi1ELi1EEEEELi1ELb0EbLi1ELi1EEEaEENST_19EpilogueWithVisitorINST_27EpilogueVisitorPerRowPerColISC_Li128ENST_22PredicatedTileIteratorISZ_fLb0ELb0EEENS1J_ISZ_S10_Lb0ELb0EEEifNSS_6thread17LinearCombinationIS10_Li8EffLNS1M_9ScaleType4KindE1ELNS_15FloatRoundStyleE2EEELb0ELb0EEESC_NS17_ISD_aSA_aSN_iSA_NS18_INS19_ISE_Li32EaSA_aSN_iSA_NS14_13OpMultiplyAddEEES1D_EELi1ELb0EbLi1ELi1EEELi1ENSS_4warp24FragmentIteratorTensorOpISD_SE_iNS_5ArrayIiLi8ELb1EEESA_Lb0EiEENS1X_25TileIteratorTensorOpMixedISD_SE_iLi32ELi16ELi8ELi8EEENST_23SharedLoadIteratorMixedINSZ_18CompactedThreadMapEiLi32ELi16ELi8ELi8EEENS1C_ILi0ELi4EEELi2ELi1EEENS1_11threadblock30GemmIdentityThreadblockSwizzleILi1EEEEELi512EEEvNT_6ParamsE,7.67
22,null,unattributed,_ZN7cutlass6KernelINS_4gemm6kernel23GemmWithEpilogueVisitorIN3aiu4gemm11threadblock13MmaMultistageINS6_10AiuLoaderAIaNS_6layout8RowMajorENS1_9GemmShapeILi64ELi128ELi64EEENSB_ILi32ELi32ELi64EEENSB_ILi16ELi16ELi32EEEN5awmma8fragmentIN9mmacommon8matrix_aELi16ELi16ELi32EaNSH_9row_majorEEEEENS6_10AiuLoaderBIaNS9_11ColumnMajorESC_SD_SE_NSG_INSH_8matrix_bELi16ELi16ELi32EaNSH_9col_majorEEEEENS_8epilogue11threadblock20PrefetchTileIteratorINST_26OutputTileOptimalThreadMapINST_15OutputTileShapeILi128ELi8ELi2ELi1ELi1EEENSW_ILi1ELi4ELi1ELi1ELi4EEELi256ELi8ELi16EEENS_10bfloat16_tESC_LNSS_20PrefetchStrategyType4KindE0EEEiNS_4arch4Sm80ESC_SD_SE_Li4ENS1_4warp11MmaTensorOpISD_aSA_aSN_iSA_NS16_17MmaTensorOpPolicyINS14_3MmaISE_Li32EaSA_aSN_iSA_NS14_21OpMultiplyAddSaturateEEENS_11MatrixShapeILi1ELi1EEEEELi1ELb0EbLi1ELi1EEEaEENST_19EpilogueWithVisitorINST_27EpilogueVisitorPerRowPerColISC_Li256ENST_22PredicatedTileIteratorISZ_fLb0ELb0EEENS1J_ISZ_S10_Lb0ELb0EEEifNSS_6thread17LinearCombinationIS10_Li8EffLNS1M_9ScaleType4KindE1ELNS_15FloatRoundStyleE2EEELb0ELb0EEESC_NS17_ISD_aSA_aSN_iSA_NS18_INS19_ISE_Li32EaSA_aSN_iSA_NS14_13OpMultiplyAddEEES1D_EELi1ELb0EbLi1ELi1EEELi1ENSS_4warp24FragmentIteratorTensorOpISD_SE_iNS_5ArrayIiLi8ELb1EEESA_Lb0EiEENS1X_25TileIteratorTensorOpMixedISD_SE_iLi32ELi16ELi8ELi8EEENST_23SharedLoadIteratorMixedINSZ_18CompactedThreadMapEiLi32ELi16ELi8ELi8EEENS1C_ILi0ELi4EEELi2ELi1EEENS1_11threadblock30GemmIdentityThreadblockSwizzleILi1EEEEELi512EEEvNT_6ParamsE,0.80
23,null,unattributed,_build_c128a_topk_metadata_kernel,<0.01
24,null,unattributed,_compressed_slot_mapping_kernel,<0.01
25,null,unattributed,_compute_global_topk_indices_and_lens_kernel,0.10
26,null,unattributed,_compute_slot_mapping_kernel,0.02
27,null,unattributed,_compute_swa_indices_and_lens_kernel,<0.01
28,null,unattributed,_count_expert_num_tokens,0.15
29,null,unattributed,_fused_indexer_q_rope_fp32_kernel,0.17
30,null,unattributed,_fused_inv_rope_float32_per_head,0.16
31,null,unattributed,_fused_kv_compress_norm_rope_insert_indexer_attn_sm80,0.58
32,null,unattributed,_fused_kv_compress_norm_rope_insert_sparse_attn_sm80,0.68
33,null,unattributed,_fused_q_kv_rmsnorm_kernel,0.16
34,null,unattributed,_fwd_kernel_ep_gather,0.29
35,null,unattributed,_fwd_kernel_ep_scatter_1,0.11
36,null,unattributed,_fwd_kernel_ep_scatter_2_optimal,0.49
37,null,unattributed,_gather_flaggems_jit_function,0.40
38,null,unattributed,_index_linearized_jit_function,<0.01
39,null,unattributed,_per_token_quant_int8,1.92
40,null,unattributed,_repeat_flaggems_jit_function,0.04
41,null,unattributed,_save_partial_states_kernel,0.41
42,null,unattributed,_to_copy_func_kernel_rank_1,0.17
43,null,unattributed,add_func_kernel_rank_1,0.15
43,null,unattributed,add_func_kernel_rank_2,0.12
44,null,unattributed,add_func_tensor_scalar_kernel_rank_1,0.10
45,null,unattributed,argmax_kernel_inner,<0.01
46,null,unattributed,"void at::native::elementwise_kernel<128, 4, at::native::gpu_kernel_impl_nocast<at::native::(anonymous namespace)::launch_clamp_scalar(at::TensorIteratorBase&, c10::Scalar, c10::Scalar, at::native::detail::ClampLimits)::{lambda()#1}::operator()() const::{lambda()#9}::operator()() const::{lambda(c10::BFloat16)#1}>(at::TensorIteratorBase&, at::native::(anonymous namespace)::launch_clamp_scalar(at::TensorIteratorBase&, c10::Scalar, c10::Scalar, at::native::detail::ClampLimits)::{lambda()#1}::operator()() const::{lambda()#9}::operator()() const::{lambda(c10::BFloat16)#1} const&)::{lambda(int)#1}>(int, at::native::gpu_kernel_impl_nocast<at::native::(anonymous namespace)::launch_clamp_scalar(at::TensorIteratorBase&, c10::Scalar, c10::Scalar, at::native::detail::ClampLimits)::{lambda()#1}::operator()() const::{lambda()#9}::operator()() const::{lambda(c10::BFloat16)#1}>(at::TensorIteratorBase&, at::native::(anonymous namespace)::launch_clamp_scalar(at::TensorIteratorBase&, c10::Scalar, c10::Scalar, at::native::detail::ClampLimits)::{lambda()#1}::operator()() const::{lambda()#9}::operator()() const::{lambda(c10::BFloat16)#1} const&)::{lambda(int)#1})",0.54
47,null,unattributed,"void at::native::elementwise_kernel<128, 4, at::native::gpu_kernel_impl_nocast<at::native::direct_copy_kernel_cuda(at::TensorIteratorBase&)::{lambda()#3}::operator()() const::{lambda()#12}::operator()() const::{lambda(c10::BFloat16)#1}>(at::TensorIteratorBase&, at::native::direct_copy_kernel_cuda(at::TensorIteratorBase&)::{lambda()#3}::operator()() const::{lambda()#12}::operator()() const::{lambda(c10::BFloat16)#1} const&)::{lambda(int)#1}>(int, at::native::gpu_kernel_impl_nocast<at::native::direct_copy_kernel_cuda(at::TensorIteratorBase&)::{lambda()#3}::operator()() const::{lambda()#12}::operator()() const::{lambda(c10::BFloat16)#1}>(at::TensorIteratorBase&, at::native::direct_copy_kernel_cuda(at::TensorIteratorBase&)::{lambda()#3}::operator()() const::{lambda()#12}::operator()() const::{lambda(c10::BFloat16)#1} const&)::{lambda(int)#1})",<0.01
48,null,unattributed,"void at::native::unrolled_elementwise_kernel<at::native::CUDAFunctor_add<int>, std::array<char*, 3ul>, 4, TrivialOffsetCalculator<2, unsigned int>, TrivialOffsetCalculator<1, unsigned int>, at::native::memory::LoadWithoutCast, at::native::memory::StoreWithoutCast>(int, at::native::CUDAFunctor_add<int>, std::array<char*, 3ul>, TrivialOffsetCalculator<2, unsigned int>, TrivialOffsetCalculator<1, unsigned int>, at::native::memory::LoadWithoutCast, at::native::memory::StoreWithoutCast)",<0.01
49,null,unattributed,"void at::native::unrolled_elementwise_kernel<at::native::direct_copy_kernel_cuda(at::TensorIteratorBase&)::{lambda()#3}::operator()() const::{lambda()#3}::operator()() const::{lambda(int)#1}, std::array<char*, 2ul>, 4, TrivialOffsetCalculator<1, unsigned int>, TrivialOffsetCalculator<1, unsigned int>, at::native::memory::LoadWithCast<1>, at::native::memory::StoreWithCast<1> >(int, at::native::direct_copy_kernel_cuda(at::TensorIteratorBase&)::{lambda()#3}::operator()() const::{lambda()#3}::operator()() const::{lambda(int)#1}, std::array<char*, 2ul>, TrivialOffsetCalculator<1, unsigned int>, TrivialOffsetCalculator<1, unsigned int>, at::native::memory::LoadWithCast<1>, at::native::memory::StoreWithCast<1>)",0.50
50,null,unattributed,"void at::native::vectorized_elementwise_kernel<4, at::native::(anonymous namespace)::launch_clamp_scalar(at::TensorIteratorBase&, c10::Scalar, c10::Scalar, at::native::detail::ClampLimits)::{lambda()#1}::operator()() const::{lambda()#3}::operator()() const::{lambda(int)#1}, std::array<char*, 2ul> >(int, at::native::(anonymous namespace)::launch_clamp_scalar(at::TensorIteratorBase&, c10::Scalar, c10::Scalar, at::native::detail::ClampLimits)::{lambda()#1}::operator()() const::{lambda()#3}::operator()() const::{lambda(int)#1}, std::array<char*, 2ul>)",<0.01
51,null,unattributed,"void at::native::vectorized_elementwise_kernel<4, at::native::(anonymous namespace)::launch_clamp_scalar(at::TensorIteratorBase&, c10::Scalar, c10::Scalar, at::native::detail::ClampLimits)::{lambda()#1}::operator()() const::{lambda()#7}::operator()() const::{lambda(float)#1}, std::array<char*, 2ul> >(int, at::native::(anonymous namespace)::launch_clamp_scalar(at::TensorIteratorBase&, c10::Scalar, c10::Scalar, at::native::detail::ClampLimits)::{lambda()#1}::operator()() const::{lambda()#7}::operator()() const::{lambda(float)#1}, std::array<char*, 2ul>)",0.19
52,null,unattributed,"void cutlass::device_kernel<cutlass::gemm::kernel::Sm80PagedMqaLogits<signed char, int, 1u, 64u, 128u, 64u, 2u, 3u, 64u> >(cutlass::gemm::kernel::Sm80PagedMqaLogits<signed char, int, 1u, 64u, 128u, 64u, 2u, 3u, 64u>::Params)",0.14
53,null,unattributed,embedding_kernel,<0.01
54,null,unattributed,fill_scalar_func_kernel_rank_1,0.06
55,null,unattributed,"void flash::flash_fwd_splitkv_mla_combine_kernel<Flash_fwd_kernel_traits<512, 16, 64, 16, false, false, cutlass::bfloat16_t, 512, true, false, 1, 1, 64, 2, 4, Flash_kernel_traits<512, 16, 64, 16, 64, false, cutlass::bfloat16_t> >, 32>(Flash_fwd_params)",0.29
56,null,unattributed,"void flash::flash_sparse_decode_fwd_kernel<Flash_fwd_kernel_traits<512, 16, 64, 16, false, false, cutlass::bfloat16_t, 512, true, false, 1, 1, 64, 2, 4, Flash_kernel_traits<512, 16, 64, 16, 64, false, cutlass::bfloat16_t> >, true>(Flash_fwd_params)",5.01
57,null,unattributed,floor_div_func_tensor_scalar_kernel_rank_1,<0.01
58,null,unattributed,full_func_scalar_kernel_rank_1,0.08
59,null,unattributed,fused_exponential_kernel_f32_unroll8,<0.01
60,null,unattributed,fused_qnorm_rope_kv_insert_kernel,0.58
61,null,unattributed,ge_func_scalar_kernel_rank_1,<0.01
62,null,unattributed,gemm_ktype0_aiu1_mtype1_dtypeBF16xBF16xFP32xFP32xFP32_tile32x32x16x16x128x3_layout0x1x0x0_align1x1x2x2_splitk0_fusion0_prefetch0_fp32tc0_ptrhost1_schedule0,1.22
63,null,unattributed,gemm_ktype0_aiu1_mtype1_dtypeBF16xBF16xFP32xFP32xFP32_tile64x256x32x64x64x2_layout0x1x0x0_align1x1x4x4_splitk2_fusion0_prefetch0_fp32tc0_ptrhost1_schedule0,1.48
64,null,unattributed,gemm_ktype0_aiu1_mtype1_dtypeBF16xBF16xFP32xFP32xFP32_tile64x64x16x32x128x4_layout0x1x0x0_align1x1x4x4_splitk0_fusion0_prefetch0_fp32tc0_ptrhost1_schedule0,1.22
65,null,unattributed,get_mla_metadata_kernel(Mla_metadata_params),0.08
66,null,unattributed,hc_head_fuse_tilelang_kernel,0.02
67,null,unattributed,hc_prenorm_gemm_tilelang_kernel,3.40
68,null,unattributed,linear_kernel,4.96
69,null,unattributed,masked_fill_kernel_kernel_rank_2,<0.01
70,null,unattributed,mhc_post_tilelang_kernel,1.36
71,null,unattributed,mhc_pre_big_fuse_with_norm_tilelang_kernel,1.90
72,null,unattributed,mul_kernel,0.18
73,null,unattributed,mul_scalar_kernel,0.26
74,null,unattributed,non_tle_top_k_per_row_decode,0.06
75,null,unattributed,reduction_dtypeFP32xFP32xFP32_align4x4_fusion0_prefetch0_rtype0_ptrhost1(acrtc::ReduceKernelArgument<float>),0.17
76,null,unattributed,rms_norm_loop_kernel,<0.01
77,null,unattributed,sigmoid_forward_kernel_rank_1,0.13
78,null,unattributed,silu_and_mul_kernel_kernel_rank_2,0.55
79,null,unattributed,softmax_kernel_inner,<0.01
80,null,unattributed,softplus_forward_kernel_rank_1,0.15
81,null,unattributed,sqrt_func_kernel_rank_1,0.15
82,null,unattributed,sub_func_tensor_scalar_kernel_rank_1,<0.01
83,null,unattributed,sum_dim_kernel_inner,0.10
84,null,unattributed,topk_single_stage_kernel,1.13
85,null,unattributed,true_div_func_kernel_rank_1,<0.01
85,null,unattributed,true_div_func_kernel_rank_2,0.13
86,null,unattributed,zeros_kernel,2.29
87,record_param_comms,communication,"pcclKernel_AllGather_RING_LL_Sum_int8_t(ncclDevComm*, ncclChannelWork*)",9.67
88,null,communication,"pcclKernel_ReduceScatter_RING_LL_Sum___ppu_bfloat16(ncclDevComm*, ncclChannelWork*)",10.40
89,null,communication,"void pcclKernel_twoShotAllReduceKernel<__ppu_bfloat16, 16, 0, 0, 1, 1>(twoShotDevParams)",19.20
