operator_id,operator_name,operator_kind,kernel_name,covered,coverage_reason,implementation_source,variant_count
aten._softmax,aten._softmax,aten,,true,correlated_triton_implementation,尚未确认（已证实 Triton）,1
aten._to_copy,aten._to_copy,aten,,true,correlated_triton_implementation,尚未确认（已证实 Triton）,1
aten.add,aten.add,aten,,true,correlated_triton_implementation,尚未确认（已证实 Triton）,1
aten.argmax,aten.argmax,aten,,true,correlated_triton_implementation,尚未确认（已证实 Triton）,1
aten.clamp,aten.clamp,aten,,false,按本次 Gems + Triton 口径未确认覆盖,尚未确认,1
aten.clamp_,aten.clamp_,aten,,false,按本次 Gems + Triton 口径未确认覆盖,尚未确认,1
aten.copy_,aten.copy_,aten,,false,按本次 Gems + Triton 口径未确认覆盖,尚未确认,1
aten.div_,aten.div_,aten,,true,correlated_triton_implementation,尚未确认（已证实 Triton）,1
aten.exponential_,aten.exponential_,aten,,true,correlated_triton_implementation,尚未确认（已证实 Triton）,1
aten.fill_,aten.fill_,aten,,true,correlated_triton_implementation,尚未确认（已证实 Triton）,1
aten.floor_divide,aten.floor_divide,aten,,true,correlated_triton_implementation,尚未确认（已证实 Triton）,1
aten.ge,aten.ge,aten,,true,correlated_triton_implementation,尚未确认（已证实 Triton）,1
aten.index,aten.index,aten,,true,correlated_triton_implementation,尚未确认（已证实 Triton）,1
aten.linear,aten.linear,aten,,true,correlated_triton_implementation,尚未确认（已证实 Triton）,1
aten.sub,aten.sub,aten,,true,correlated_triton_implementation,尚未确认; 尚未确认（已证实 Triton）,1
aten.zero_,aten.zero_,aten,,true,correlated_triton_implementation,尚未确认（已证实 Triton）,1
kernel_636215fa8c5b2bc1269f,_ZN7cutlass6KernelIN9deep_gemm10GemmKernelIN3aiu4gemm11threadblock13MmaMultistageINS5_10AiuLoaderAIaNS_6layout8RowMajorENS_4gemm9GemmShapeILi64ELi128ELi128EEENSB_ILi32ELi32ELi128EEENSB_ILi16ELi16ELi32EEEN5awmma8fragmentIN9mmacommon8matrix_aELi16ELi16ELi32EaNSH_9row_majorEEEEENS5_10AiuLoaderBIaNS8_11ColumnMajorESC_SD_SE_NSG_INSH_8matrix_bELi16ELi16ELi32EaNSH_9col_majorEEEEENS_8epilogue11threadblock20PrefetchTileIteratorINST_26OutputTileOptimalThreadMapINST_15OutputTileShapeILi128ELi8ELi2ELi1ELi1EEENSW_ILi1ELi4ELi1ELi1ELi4EEELi256ELi8ELi16EEENS_10bfloat16_tESC_LNSS_20PrefetchStrategyType4KindE0EEEiNS_4arch4Sm80ESC_SD_SE_Li3ENSA_4warp11MmaTensorOpISD_aS9_aSN_iS9_NS16_17MmaTensorOpPolicyINS14_3MmaISE_Li32EaS9_aSN_iS9_NS14_13OpMultiplyAddEEENS_11MatrixShapeILi1ELi1EEEEELi1ELb0EbLi1ELi1EEEaEENST_19EpilogueWithVisitorINST_27EpilogueVisitorPerRowPerColISC_Li256ENST_22PredicatedTileIteratorISZ_fLb0ELb0EEENS1J_ISZ_S10_Lb0ELb0EEEifNSS_6thread17LinearCombinationIS10_Li8EifLNS1M_9ScaleType4KindE2ELNS_15FloatRoundStyleE2EEELb0EEESC_S1F_Li1ENSS_4warp24FragmentIteratorTensorOpISD_SE_iNS_5ArrayIiLi8ELb1EEES9_Lb0EiEENS1T_20TileIteratorTensorOpISD_SE_iS9_Lb0EEENST_18SharedLoadIteratorINSZ_18CompactedThreadMapEiLi32EEENS1C_ILi0ELi4EEELi1ELi1EEENS1_9SchedulerIL8GemmType3ELj6144ESC_Lj12ELj16EEELb0EEELi512EEEvNT_6ParamsE,kernel,_ZN7cutlass6KernelIN9deep_gemm10GemmKernelIN3aiu4gemm11threadblock13MmaMultistageINS5_10AiuLoaderAIaNS_6layout8RowMajorENS_4gemm9GemmShapeILi64ELi128ELi128EEENSB_ILi32ELi32ELi128EEENSB_ILi16ELi16ELi32EEEN5awmma8fragmentIN9mmacommon8matrix_aELi16ELi16ELi32EaNSH_9row_majorEEEEENS5_10AiuLoaderBIaNS8_11ColumnMajorESC_SD_SE_NSG_INSH_8matrix_bELi16ELi16ELi32EaNSH_9col_majorEEEEENS_8epilogue11threadblock20PrefetchTileIteratorINST_26OutputTileOptimalThreadMapINST_15OutputTileShapeILi128ELi8ELi2ELi1ELi1EEENSW_ILi1ELi4ELi1ELi1ELi4EEELi256ELi8ELi16EEENS_10bfloat16_tESC_LNSS_20PrefetchStrategyType4KindE0EEEiNS_4arch4Sm80ESC_SD_SE_Li3ENSA_4warp11MmaTensorOpISD_aS9_aSN_iS9_NS16_17MmaTensorOpPolicyINS14_3MmaISE_Li32EaS9_aSN_iS9_NS14_13OpMultiplyAddEEENS_11MatrixShapeILi1ELi1EEEEELi1ELb0EbLi1ELi1EEEaEENST_19EpilogueWithVisitorINST_27EpilogueVisitorPerRowPerColISC_Li256ENST_22PredicatedTileIteratorISZ_fLb0ELb0EEENS1J_ISZ_S10_Lb0ELb0EEEifNSS_6thread17LinearCombinationIS10_Li8EifLNS1M_9ScaleType4KindE2ELNS_15FloatRoundStyleE2EEELb0EEESC_S1F_Li1ENSS_4warp24FragmentIteratorTensorOpISD_SE_iNS_5ArrayIiLi8ELb1EEES9_Lb0EiEENS1T_20TileIteratorTensorOpISD_SE_iS9_Lb0EEENST_18SharedLoadIteratorINSZ_18CompactedThreadMapEiLi32EEENS1C_ILi0ELi4EEELi1ELi1EEENS1_9SchedulerIL8GemmType3ELj6144ESC_Lj12ELj16EEELb0EEELi512EEEvNT_6ParamsE,false,按本次 Gems + Triton 口径未确认覆盖,尚未确认,1
kernel_66b0c37a7ce418ab9c53,_ZN7cutlass6KernelIN9deep_gemm10GemmKernelIN3aiu4gemm11threadblock13MmaMultistageINS5_10AiuLoaderAIaNS_6layout8RowMajorENS_4gemm9GemmShapeILi64ELi128ELi128EEENSB_ILi32ELi32ELi128EEENSB_ILi16ELi16ELi32EEEN5awmma8fragmentIN9mmacommon8matrix_aELi16ELi16ELi32EaNSH_9row_majorEEEEENS5_10AiuLoaderBIaNS8_11ColumnMajorESC_SD_SE_NSG_INSH_8matrix_bELi16ELi16ELi32EaNSH_9col_majorEEEEENS_8epilogue11threadblock20PrefetchTileIteratorINST_26OutputTileOptimalThreadMapINST_15OutputTileShapeILi128ELi8ELi2ELi1ELi1EEENSW_ILi1ELi4ELi1ELi1ELi4EEELi256ELi8ELi16EEENS_10bfloat16_tESC_LNSS_20PrefetchStrategyType4KindE0EEEiNS_4arch4Sm80ESC_SD_SE_Li3ENSA_4warp11MmaTensorOpISD_aS9_aSN_iS9_NS16_17MmaTensorOpPolicyINS14_3MmaISE_Li32EaS9_aSN_iS9_NS14_13OpMultiplyAddEEENS_11MatrixShapeILi1ELi1EEEEELi1ELb0EbLi1ELi1EEEaEENST_19EpilogueWithVisitorINST_27EpilogueVisitorPerRowPerColISC_Li256ENST_22PredicatedTileIteratorISZ_fLb0ELb0EEENS1J_ISZ_S10_Lb0ELb0EEEifNSS_6thread17LinearCombinationIS10_Li8EifLNS1M_9ScaleType4KindE2ELNS_15FloatRoundStyleE2EEELb0EEESC_S1F_Li1ENSS_4warp24FragmentIteratorTensorOpISD_SE_iNS_5ArrayIiLi8ELb1EEES9_Lb0EiEENS1T_20TileIteratorTensorOpISD_SE_iS9_Lb0EEENST_18SharedLoadIteratorINSZ_18CompactedThreadMapEiLi32EEENS1C_ILi0ELi4EEELi1ELi1EEENS1_9SchedulerIL8GemmType3ELj7168ESC_Lj12ELj16EEELb0EEELi512EEEvNT_6ParamsE,kernel,_ZN7cutlass6KernelIN9deep_gemm10GemmKernelIN3aiu4gemm11threadblock13MmaMultistageINS5_10AiuLoaderAIaNS_6layout8RowMajorENS_4gemm9GemmShapeILi64ELi128ELi128EEENSB_ILi32ELi32ELi128EEENSB_ILi16ELi16ELi32EEEN5awmma8fragmentIN9mmacommon8matrix_aELi16ELi16ELi32EaNSH_9row_majorEEEEENS5_10AiuLoaderBIaNS8_11ColumnMajorESC_SD_SE_NSG_INSH_8matrix_bELi16ELi16ELi32EaNSH_9col_majorEEEEENS_8epilogue11threadblock20PrefetchTileIteratorINST_26OutputTileOptimalThreadMapINST_15OutputTileShapeILi128ELi8ELi2ELi1ELi1EEENSW_ILi1ELi4ELi1ELi1ELi4EEELi256ELi8ELi16EEENS_10bfloat16_tESC_LNSS_20PrefetchStrategyType4KindE0EEEiNS_4arch4Sm80ESC_SD_SE_Li3ENSA_4warp11MmaTensorOpISD_aS9_aSN_iS9_NS16_17MmaTensorOpPolicyINS14_3MmaISE_Li32EaS9_aSN_iS9_NS14_13OpMultiplyAddEEENS_11MatrixShapeILi1ELi1EEEEELi1ELb0EbLi1ELi1EEEaEENST_19EpilogueWithVisitorINST_27EpilogueVisitorPerRowPerColISC_Li256ENST_22PredicatedTileIteratorISZ_fLb0ELb0EEENS1J_ISZ_S10_Lb0ELb0EEEifNSS_6thread17LinearCombinationIS10_Li8EifLNS1M_9ScaleType4KindE2ELNS_15FloatRoundStyleE2EEELb0EEESC_S1F_Li1ENSS_4warp24FragmentIteratorTensorOpISD_SE_iNS_5ArrayIiLi8ELb1EEES9_Lb0EiEENS1T_20TileIteratorTensorOpISD_SE_iS9_Lb0EEENST_18SharedLoadIteratorINSZ_18CompactedThreadMapEiLi32EEENS1C_ILi0ELi4EEELi1ELi1EEENS1_9SchedulerIL8GemmType3ELj7168ESC_Lj12ELj16EEELb0EEELi512EEEvNT_6ParamsE,false,按本次 Gems + Triton 口径未确认覆盖,尚未确认,1
kernel_3b4fffb8b45d3340d48e,_ZN7cutlass6KernelIN9deep_gemm10GemmKernelIN3aiu4gemm11threadblock13MmaMultistageINS5_10AiuLoaderAIaNS_6layout8RowMajorENS_4gemm9GemmShapeILi64ELi64ELi128EEENSB_ILi32ELi32ELi128EEENSB_ILi16ELi16ELi32EEEN5awmma8fragmentIN9mmacommon8matrix_aELi16ELi16ELi32EaNSH_9row_majorEEEEENS5_10AiuLoaderBIaNS8_11ColumnMajorESC_SD_SE_NSG_INSH_8matrix_bELi16ELi16ELi32EaNSH_9col_majorEEEEENS_8epilogue11threadblock20PrefetchTileIteratorINST_26OutputTileOptimalThreadMapINST_15OutputTileShapeILi64ELi8ELi2ELi1ELi1EEENSW_ILi1ELi4ELi1ELi1ELi4EEELi128ELi8ELi16EEENS_10bfloat16_tESC_LNSS_20PrefetchStrategyType4KindE0EEEiNS_4arch4Sm80ESC_SD_SE_Li8ENSA_4warp11MmaTensorOpISD_aS9_aSN_iS9_NS16_17MmaTensorOpPolicyINS14_3MmaISE_Li32EaS9_aSN_iS9_NS14_13OpMultiplyAddEEENS_11MatrixShapeILi1ELi1EEEEELi1ELb0EbLi1ELi1EEEaEENST_19EpilogueWithVisitorINST_27EpilogueVisitorPerRowPerColISC_Li128ENST_22PredicatedTileIteratorISZ_fLb0ELb0EEENS1J_ISZ_S10_Lb0ELb0EEEifNSS_6thread17LinearCombinationIS10_Li8EifLNS1M_9ScaleType4KindE2ELNS_15FloatRoundStyleE2EEELb0EEESC_S1F_Li1ENSS_4warp24FragmentIteratorTensorOpISD_SE_iNS_5ArrayIiLi8ELb1EEES9_Lb0EiEENS1T_20TileIteratorTensorOpISD_SE_iS9_Lb0EEENST_18SharedLoadIteratorINSZ_18CompactedThreadMapEiLi32EEENS1C_ILi0ELi4EEELi1ELi1EEENS1_9SchedulerIL8GemmType0ELj1024ESC_Lj1ELj16EEELb0EEELi512EEEvNT_6ParamsE,kernel,_ZN7cutlass6KernelIN9deep_gemm10GemmKernelIN3aiu4gemm11threadblock13MmaMultistageINS5_10AiuLoaderAIaNS_6layout8RowMajorENS_4gemm9GemmShapeILi64ELi64ELi128EEENSB_ILi32ELi32ELi128EEENSB_ILi16ELi16ELi32EEEN5awmma8fragmentIN9mmacommon8matrix_aELi16ELi16ELi32EaNSH_9row_majorEEEEENS5_10AiuLoaderBIaNS8_11ColumnMajorESC_SD_SE_NSG_INSH_8matrix_bELi16ELi16ELi32EaNSH_9col_majorEEEEENS_8epilogue11threadblock20PrefetchTileIteratorINST_26OutputTileOptimalThreadMapINST_15OutputTileShapeILi64ELi8ELi2ELi1ELi1EEENSW_ILi1ELi4ELi1ELi1ELi4EEELi128ELi8ELi16EEENS_10bfloat16_tESC_LNSS_20PrefetchStrategyType4KindE0EEEiNS_4arch4Sm80ESC_SD_SE_Li8ENSA_4warp11MmaTensorOpISD_aS9_aSN_iS9_NS16_17MmaTensorOpPolicyINS14_3MmaISE_Li32EaS9_aSN_iS9_NS14_13OpMultiplyAddEEENS_11MatrixShapeILi1ELi1EEEEELi1ELb0EbLi1ELi1EEEaEENST_19EpilogueWithVisitorINST_27EpilogueVisitorPerRowPerColISC_Li128ENST_22PredicatedTileIteratorISZ_fLb0ELb0EEENS1J_ISZ_S10_Lb0ELb0EEEifNSS_6thread17LinearCombinationIS10_Li8EifLNS1M_9ScaleType4KindE2ELNS_15FloatRoundStyleE2EEELb0EEESC_S1F_Li1ENSS_4warp24FragmentIteratorTensorOpISD_SE_iNS_5ArrayIiLi8ELb1EEES9_Lb0EiEENS1T_20TileIteratorTensorOpISD_SE_iS9_Lb0EEENST_18SharedLoadIteratorINSZ_18CompactedThreadMapEiLi32EEENS1C_ILi0ELi4EEELi1ELi1EEENS1_9SchedulerIL8GemmType0ELj1024ESC_Lj1ELj16EEELb0EEELi512EEEvNT_6ParamsE,false,按本次 Gems + Triton 口径未确认覆盖,尚未确认,1
kernel_9c3f9f9676a5c4cc1e7f,_ZN7cutlass6KernelINS_4gemm6kernel23GemmWithEpilogueVisitorIN3aiu4gemm11threadblock13MmaMultistageINS6_10AiuLoaderAIaNS_6layout8RowMajorENS1_9GemmShapeILi32ELi128ELi64EEENSB_ILi32ELi32ELi64EEENSB_ILi16ELi16ELi32EEEN5awmma8fragmentIN9mmacommon8matrix_aELi16ELi16ELi32EaNSH_9row_majorEEEEENS6_10AiuLoaderBIaNS9_11ColumnMajorESC_SD_SE_NSG_INSH_8matrix_bELi16ELi16ELi32EaNSH_9col_majorEEEEENS_8epilogue11threadblock20PrefetchTileIteratorINST_26OutputTileOptimalThreadMapINST_15OutputTileShapeILi128ELi8ELi1ELi1ELi1EEENSW_ILi1ELi4ELi1ELi1ELi4EEELi128ELi8ELi16EEENS_10bfloat16_tESC_LNSS_20PrefetchStrategyType4KindE0EEEiNS_4arch4Sm80ESC_SD_SE_Li4ENS1_4warp11MmaTensorOpISD_aSA_aSN_iSA_NS16_17MmaTensorOpPolicyINS14_3MmaISE_Li32EaSA_aSN_iSA_NS14_21OpMultiplyAddSaturateEEENS_11MatrixShapeILi1ELi1EEEEELi1ELb0EbLi1ELi1EEEaEENST_19EpilogueWithVisitorINST_27EpilogueVisitorPerRowPerColISC_Li128ENST_22PredicatedTileIteratorISZ_fLb0ELb0EEENS1J_ISZ_S10_Lb0ELb0EEEifNSS_6thread17LinearCombinationIS10_Li8EffLNS1M_9ScaleType4KindE1ELNS_15FloatRoundStyleE2EEELb0ELb0EEESC_NS17_ISD_aSA_aSN_iSA_NS18_INS19_ISE_Li32EaSA_aSN_iSA_NS14_13OpMultiplyAddEEES1D_EELi1ELb0EbLi1ELi1EEELi1ENSS_4warp24FragmentIteratorTensorOpISD_SE_iNS_5ArrayIiLi8ELb1EEESA_Lb0EiEENS1X_25TileIteratorTensorOpMixedISD_SE_iLi32ELi16ELi8ELi8EEENST_23SharedLoadIteratorMixedINSZ_18CompactedThreadMapEiLi32ELi16ELi8ELi8EEENS1C_ILi0ELi4EEELi2ELi1EEENS1_11threadblock30GemmIdentityThreadblockSwizzleILi1EEEEELi512EEEvNT_6ParamsE,kernel,_ZN7cutlass6KernelINS_4gemm6kernel23GemmWithEpilogueVisitorIN3aiu4gemm11threadblock13MmaMultistageINS6_10AiuLoaderAIaNS_6layout8RowMajorENS1_9GemmShapeILi32ELi128ELi64EEENSB_ILi32ELi32ELi64EEENSB_ILi16ELi16ELi32EEEN5awmma8fragmentIN9mmacommon8matrix_aELi16ELi16ELi32EaNSH_9row_majorEEEEENS6_10AiuLoaderBIaNS9_11ColumnMajorESC_SD_SE_NSG_INSH_8matrix_bELi16ELi16ELi32EaNSH_9col_majorEEEEENS_8epilogue11threadblock20PrefetchTileIteratorINST_26OutputTileOptimalThreadMapINST_15OutputTileShapeILi128ELi8ELi1ELi1ELi1EEENSW_ILi1ELi4ELi1ELi1ELi4EEELi128ELi8ELi16EEENS_10bfloat16_tESC_LNSS_20PrefetchStrategyType4KindE0EEEiNS_4arch4Sm80ESC_SD_SE_Li4ENS1_4warp11MmaTensorOpISD_aSA_aSN_iSA_NS16_17MmaTensorOpPolicyINS14_3MmaISE_Li32EaSA_aSN_iSA_NS14_21OpMultiplyAddSaturateEEENS_11MatrixShapeILi1ELi1EEEEELi1ELb0EbLi1ELi1EEEaEENST_19EpilogueWithVisitorINST_27EpilogueVisitorPerRowPerColISC_Li128ENST_22PredicatedTileIteratorISZ_fLb0ELb0EEENS1J_ISZ_S10_Lb0ELb0EEEifNSS_6thread17LinearCombinationIS10_Li8EffLNS1M_9ScaleType4KindE1ELNS_15FloatRoundStyleE2EEELb0ELb0EEESC_NS17_ISD_aSA_aSN_iSA_NS18_INS19_ISE_Li32EaSA_aSN_iSA_NS14_13OpMultiplyAddEEES1D_EELi1ELb0EbLi1ELi1EEELi1ENSS_4warp24FragmentIteratorTensorOpISD_SE_iNS_5ArrayIiLi8ELb1EEESA_Lb0EiEENS1X_25TileIteratorTensorOpMixedISD_SE_iLi32ELi16ELi8ELi8EEENST_23SharedLoadIteratorMixedINSZ_18CompactedThreadMapEiLi32ELi16ELi8ELi8EEENS1C_ILi0ELi4EEELi2ELi1EEENS1_11threadblock30GemmIdentityThreadblockSwizzleILi1EEEEELi512EEEvNT_6ParamsE,false,按本次 Gems + Triton 口径未确认覆盖,尚未确认,1
kernel_f2ca688f0a899d69f96a,_ZN7cutlass6KernelINS_4gemm6kernel23GemmWithEpilogueVisitorIN3aiu4gemm11threadblock13MmaMultistageINS6_10AiuLoaderAIaNS_6layout8RowMajorENS1_9GemmShapeILi64ELi128ELi64EEENSB_ILi32ELi32ELi64EEENSB_ILi16ELi16ELi32EEEN5awmma8fragmentIN9mmacommon8matrix_aELi16ELi16ELi32EaNSH_9row_majorEEEEENS6_10AiuLoaderBIaNS9_11ColumnMajorESC_SD_SE_NSG_INSH_8matrix_bELi16ELi16ELi32EaNSH_9col_majorEEEEENS_8epilogue11threadblock20PrefetchTileIteratorINST_26OutputTileOptimalThreadMapINST_15OutputTileShapeILi128ELi8ELi2ELi1ELi1EEENSW_ILi1ELi4ELi1ELi1ELi4EEELi256ELi8ELi16EEENS_10bfloat16_tESC_LNSS_20PrefetchStrategyType4KindE0EEEiNS_4arch4Sm80ESC_SD_SE_Li4ENS1_4warp11MmaTensorOpISD_aSA_aSN_iSA_NS16_17MmaTensorOpPolicyINS14_3MmaISE_Li32EaSA_aSN_iSA_NS14_21OpMultiplyAddSaturateEEENS_11MatrixShapeILi1ELi1EEEEELi1ELb0EbLi1ELi1EEEaEENST_19EpilogueWithVisitorINST_27EpilogueVisitorPerRowPerColISC_Li256ENST_22PredicatedTileIteratorISZ_fLb0ELb0EEENS1J_ISZ_S10_Lb0ELb0EEEifNSS_6thread17LinearCombinationIS10_Li8EffLNS1M_9ScaleType4KindE1ELNS_15FloatRoundStyleE2EEELb0ELb0EEESC_NS17_ISD_aSA_aSN_iSA_NS18_INS19_ISE_Li32EaSA_aSN_iSA_NS14_13OpMultiplyAddEEES1D_EELi1ELb0EbLi1ELi1EEELi1ENSS_4warp24FragmentIteratorTensorOpISD_SE_iNS_5ArrayIiLi8ELb1EEESA_Lb0EiEENS1X_25TileIteratorTensorOpMixedISD_SE_iLi32ELi16ELi8ELi8EEENST_23SharedLoadIteratorMixedINSZ_18CompactedThreadMapEiLi32ELi16ELi8ELi8EEENS1C_ILi0ELi4EEELi2ELi1EEENS1_11threadblock30GemmIdentityThreadblockSwizzleILi1EEEEELi512EEEvNT_6ParamsE,kernel,_ZN7cutlass6KernelINS_4gemm6kernel23GemmWithEpilogueVisitorIN3aiu4gemm11threadblock13MmaMultistageINS6_10AiuLoaderAIaNS_6layout8RowMajorENS1_9GemmShapeILi64ELi128ELi64EEENSB_ILi32ELi32ELi64EEENSB_ILi16ELi16ELi32EEEN5awmma8fragmentIN9mmacommon8matrix_aELi16ELi16ELi32EaNSH_9row_majorEEEEENS6_10AiuLoaderBIaNS9_11ColumnMajorESC_SD_SE_NSG_INSH_8matrix_bELi16ELi16ELi32EaNSH_9col_majorEEEEENS_8epilogue11threadblock20PrefetchTileIteratorINST_26OutputTileOptimalThreadMapINST_15OutputTileShapeILi128ELi8ELi2ELi1ELi1EEENSW_ILi1ELi4ELi1ELi1ELi4EEELi256ELi8ELi16EEENS_10bfloat16_tESC_LNSS_20PrefetchStrategyType4KindE0EEEiNS_4arch4Sm80ESC_SD_SE_Li4ENS1_4warp11MmaTensorOpISD_aSA_aSN_iSA_NS16_17MmaTensorOpPolicyINS14_3MmaISE_Li32EaSA_aSN_iSA_NS14_21OpMultiplyAddSaturateEEENS_11MatrixShapeILi1ELi1EEEEELi1ELb0EbLi1ELi1EEEaEENST_19EpilogueWithVisitorINST_27EpilogueVisitorPerRowPerColISC_Li256ENST_22PredicatedTileIteratorISZ_fLb0ELb0EEENS1J_ISZ_S10_Lb0ELb0EEEifNSS_6thread17LinearCombinationIS10_Li8EffLNS1M_9ScaleType4KindE1ELNS_15FloatRoundStyleE2EEELb0ELb0EEESC_NS17_ISD_aSA_aSN_iSA_NS18_INS19_ISE_Li32EaSA_aSN_iSA_NS14_13OpMultiplyAddEEES1D_EELi1ELb0EbLi1ELi1EEELi1ENSS_4warp24FragmentIteratorTensorOpISD_SE_iNS_5ArrayIiLi8ELb1EEESA_Lb0EiEENS1X_25TileIteratorTensorOpMixedISD_SE_iLi32ELi16ELi8ELi8EEENST_23SharedLoadIteratorMixedINSZ_18CompactedThreadMapEiLi32ELi16ELi8ELi8EEENS1C_ILi0ELi4EEELi2ELi1EEENS1_11threadblock30GemmIdentityThreadblockSwizzleILi1EEEEELi512EEEvNT_6ParamsE,false,按本次 Gems + Triton 口径未确认覆盖,尚未确认,1
kernel_507b00d341f1c431f0d7,_build_c128a_topk_metadata_kernel,kernel,_build_c128a_topk_metadata_kernel,true,proven_triton_kernel,尚未确认（已证实 Triton）,1
kernel_fb629cbab09e46ad1ab5,_compressed_slot_mapping_kernel,kernel,_compressed_slot_mapping_kernel,true,proven_triton_kernel,尚未确认（已证实 Triton）,1
kernel_5fd4e488154a1706330b,_compute_global_topk_indices_and_lens_kernel,kernel,_compute_global_topk_indices_and_lens_kernel,true,proven_triton_kernel,尚未确认（已证实 Triton）,1
kernel_d65f75282099f04d25f7,_compute_slot_mapping_kernel,kernel,_compute_slot_mapping_kernel,true,proven_triton_kernel,尚未确认（已证实 Triton）,1
kernel_16e3afa77f97076fb8c4,_compute_swa_indices_and_lens_kernel,kernel,_compute_swa_indices_and_lens_kernel,true,proven_triton_kernel,尚未确认（已证实 Triton）,1
kernel_c345700934340fb3e3c9,_count_expert_num_tokens,kernel,_count_expert_num_tokens,true,proven_triton_kernel,尚未确认（已证实 Triton）,1
kernel_c074681ac8eec8b37516,_fused_indexer_q_rope_fp32_kernel,kernel,_fused_indexer_q_rope_fp32_kernel,true,proven_triton_kernel,尚未确认（已证实 Triton）,1
kernel_309bcee36be93789423f,_fused_inv_rope_float32_per_head,kernel,_fused_inv_rope_float32_per_head,true,proven_triton_kernel,尚未确认（已证实 Triton）,1
kernel_c777bad89257071e7d79,_fused_kv_compress_norm_rope_insert_indexer_attn_sm80,kernel,_fused_kv_compress_norm_rope_insert_indexer_attn_sm80,true,proven_triton_kernel,尚未确认（已证实 Triton）,1
kernel_221e77758eac1d1f3df2,_fused_kv_compress_norm_rope_insert_sparse_attn_sm80,kernel,_fused_kv_compress_norm_rope_insert_sparse_attn_sm80,true,proven_triton_kernel,尚未确认（已证实 Triton）,1
kernel_24ce8a8b73db9cc21e2a,_fused_q_kv_rmsnorm_kernel,kernel,_fused_q_kv_rmsnorm_kernel,true,proven_triton_kernel,尚未确认（已证实 Triton）,1
kernel_e2908efd4a02ef7ffd12,_fwd_kernel_ep_gather,kernel,_fwd_kernel_ep_gather,true,proven_triton_kernel,尚未确认（已证实 Triton）,1
kernel_cd19b8ec6bf2b1a84209,_fwd_kernel_ep_scatter_1,kernel,_fwd_kernel_ep_scatter_1,true,proven_triton_kernel,尚未确认（已证实 Triton）,1
kernel_3bb7884035a1305f1139,_fwd_kernel_ep_scatter_2_optimal,kernel,_fwd_kernel_ep_scatter_2_optimal,true,proven_triton_kernel,尚未确认（已证实 Triton）,1
kernel_de007cee8d85fe1af0f3,_gather_flaggems_jit_function,kernel,_gather_flaggems_jit_function,true,proven_triton_kernel,尚未确认（已证实 Triton）,1
kernel_c74ed233c0919d00e13e,_per_token_quant_int8,kernel,_per_token_quant_int8,true,proven_triton_kernel,尚未确认（已证实 Triton）,1
kernel_6ce857fcd2262efe4953,_repeat_flaggems_jit_function,kernel,_repeat_flaggems_jit_function,true,proven_triton_kernel,尚未确认（已证实 Triton）,1
kernel_1b1704e73214640fd2d9,_save_partial_states_kernel,kernel,_save_partial_states_kernel,true,proven_triton_kernel,尚未确认（已证实 Triton）,1
kernel_c1ade1e35a7f492b4e64,add_func_kernel_rank_2,kernel,add_func_kernel_rank_2,true,proven_triton_kernel,尚未确认（已证实 Triton）,1
kernel_0f5535bb6811854014b1,add_func_tensor_scalar_kernel_rank_1,kernel,add_func_tensor_scalar_kernel_rank_1,true,proven_triton_kernel,尚未确认（已证实 Triton）,1
kernel_6d7ab4d5be0e9b348239,embedding_kernel,kernel,embedding_kernel,true,proven_triton_kernel,尚未确认（已证实 Triton）,1
kernel_511ac1a0f728f00bad20,full_func_scalar_kernel_rank_1,kernel,full_func_scalar_kernel_rank_1,true,proven_triton_kernel,尚未确认（已证实 Triton）,1
kernel_ca8554580ad671340d81,fused_qnorm_rope_kv_insert_kernel,kernel,fused_qnorm_rope_kv_insert_kernel,true,proven_triton_kernel,尚未确认（已证实 Triton）,1
kernel_3cef0e320a5dfc1913cd,gemm_ktype0_aiu1_mtype1_dtypeBF16xBF16xFP32xFP32xFP32_tile32x32x16x16x128x3_layout0x1x0x0_align1x1x2x2_splitk0_fusion0_prefetch0_fp32tc0_ptrhost1_schedule0,kernel,gemm_ktype0_aiu1_mtype1_dtypeBF16xBF16xFP32xFP32xFP32_tile32x32x16x16x128x3_layout0x1x0x0_align1x1x2x2_splitk0_fusion0_prefetch0_fp32tc0_ptrhost1_schedule0,false,按本次 Gems + Triton 口径未确认覆盖,尚未确认,1
kernel_2c9f4ea375537718d276,gemm_ktype0_aiu1_mtype1_dtypeBF16xBF16xFP32xFP32xFP32_tile64x256x32x64x64x2_layout0x1x0x0_align1x1x4x4_splitk2_fusion0_prefetch0_fp32tc0_ptrhost1_schedule0,kernel,gemm_ktype0_aiu1_mtype1_dtypeBF16xBF16xFP32xFP32xFP32_tile64x256x32x64x64x2_layout0x1x0x0_align1x1x4x4_splitk2_fusion0_prefetch0_fp32tc0_ptrhost1_schedule0,false,按本次 Gems + Triton 口径未确认覆盖,尚未确认,1
kernel_4d834b0b0b4059020702,gemm_ktype0_aiu1_mtype1_dtypeBF16xBF16xFP32xFP32xFP32_tile64x64x16x32x128x4_layout0x1x0x0_align1x1x4x4_splitk0_fusion0_prefetch0_fp32tc0_ptrhost1_schedule0,kernel,gemm_ktype0_aiu1_mtype1_dtypeBF16xBF16xFP32xFP32xFP32_tile64x64x16x32x128x4_layout0x1x0x0_align1x1x4x4_splitk0_fusion0_prefetch0_fp32tc0_ptrhost1_schedule0,false,按本次 Gems + Triton 口径未确认覆盖,尚未确认,1
kernel_be387348afab55fa42ac,get_mla_metadata_kernel(Mla_metadata_params),kernel,get_mla_metadata_kernel(Mla_metadata_params),false,按本次 Gems + Triton 口径未确认覆盖,尚未确认,1
kernel_a56bd21b72f286728621,hc_head_fuse_tilelang_kernel,kernel,hc_head_fuse_tilelang_kernel,false,按本次 Gems + Triton 口径未确认覆盖,尚未确认,1
kernel_98d968a7ee666001b53d,hc_prenorm_gemm_tilelang_kernel,kernel,hc_prenorm_gemm_tilelang_kernel,false,按本次 Gems + Triton 口径未确认覆盖,尚未确认,1
kernel_dadd0d11589a1d13d825,masked_fill_kernel_kernel_rank_2,kernel,masked_fill_kernel_kernel_rank_2,true,proven_triton_kernel,尚未确认（已证实 Triton）,1
kernel_49e34dc30c45feb5296f,mhc_post_tilelang_kernel,kernel,mhc_post_tilelang_kernel,false,按本次 Gems + Triton 口径未确认覆盖,尚未确认,1
kernel_d4da1807a0a10bf46dca,mhc_pre_big_fuse_with_norm_tilelang_kernel,kernel,mhc_pre_big_fuse_with_norm_tilelang_kernel,false,按本次 Gems + Triton 口径未确认覆盖,尚未确认,1
kernel_5a79b935e2014f03ba7c,mul_kernel,kernel,mul_kernel,true,proven_triton_kernel,尚未确认（已证实 Triton）,1
kernel_7acecd860fef88967912,mul_scalar_kernel,kernel,mul_scalar_kernel,true,proven_triton_kernel,尚未确认（已证实 Triton）,1
kernel_749be9c3aeb66e307d63,non_tle_top_k_per_row_decode,kernel,non_tle_top_k_per_row_decode,true,proven_triton_kernel,尚未确认（已证实 Triton）,1
kernel_23b60a72fc6e254c4200,"pcclKernel_AllGather_RING_LL_Sum_int8_t(ncclDevComm*, ncclChannelWork*)",kernel,"pcclKernel_AllGather_RING_LL_Sum_int8_t(ncclDevComm*, ncclChannelWork*)",false,按本次 Gems + Triton 口径未确认覆盖,尚未确认,1
kernel_b95bdb43b9c9fa02e482,"pcclKernel_ReduceScatter_RING_LL_Sum___ppu_bfloat16(ncclDevComm*, ncclChannelWork*)",kernel,"pcclKernel_ReduceScatter_RING_LL_Sum___ppu_bfloat16(ncclDevComm*, ncclChannelWork*)",false,按本次 Gems + Triton 口径未确认覆盖,尚未确认,1
kernel_e47e5d6fa020532d1f42,reduction_dtypeFP32xFP32xFP32_align4x4_fusion0_prefetch0_rtype0_ptrhost1(acrtc::ReduceKernelArgument<float>),kernel,reduction_dtypeFP32xFP32xFP32_align4x4_fusion0_prefetch0_rtype0_ptrhost1(acrtc::ReduceKernelArgument<float>),false,按本次 Gems + Triton 口径未确认覆盖,尚未确认,1
kernel_9ec7414063a3c03d5b72,rms_norm_loop_kernel,kernel,rms_norm_loop_kernel,true,proven_triton_kernel,尚未确认（已证实 Triton）,1
kernel_a415cdd128c34f11c457,sigmoid_forward_kernel_rank_1,kernel,sigmoid_forward_kernel_rank_1,true,proven_triton_kernel,尚未确认（已证实 Triton）,1
kernel_7edca42426d6f28e9802,silu_and_mul_kernel_kernel_rank_2,kernel,silu_and_mul_kernel_kernel_rank_2,true,proven_triton_kernel,尚未确认（已证实 Triton）,1
kernel_9814dac5b7115dcaba4c,softplus_forward_kernel_rank_1,kernel,softplus_forward_kernel_rank_1,true,proven_triton_kernel,尚未确认（已证实 Triton）,1
kernel_92bbd4a6a09c9b15f7ad,sqrt_func_kernel_rank_1,kernel,sqrt_func_kernel_rank_1,true,proven_triton_kernel,尚未确认（已证实 Triton）,1
kernel_1d5aa7090c8b0f3e3637,sum_dim_kernel_inner,kernel,sum_dim_kernel_inner,true,proven_triton_kernel,尚未确认（已证实 Triton）,1
kernel_7921da18d23484f22238,topk_single_stage_kernel,kernel,topk_single_stage_kernel,true,proven_triton_kernel,尚未确认（已证实 Triton）,1
kernel_bdd66936abb9ee8e35b2,triton_poi_fused___and_____or___add_bitwise_not_ge_lt_mul_sub_0,kernel,triton_poi_fused___and_____or___add_bitwise_not_ge_lt_mul_sub_0,true,proven_triton_kernel,TorchInductor（生成源码证据；同名候选可能不唯一）,1
kernel_e8dbe665ba7fe41d5462,"void at::native::elementwise_kernel<128, 4, at::native::gpu_kernel_impl_nocast<at::native::(anonymous namespace)::launch_clamp_scalar(at::TensorIteratorBase&, c10::Scalar, c10::Scalar, at::native::detail::ClampLimits)::{lambda()#1}::operator()() const::{lambda()#9}::operator()() const::{lambda(c10::BFloat16)#1}>(at::TensorIteratorBase&, at::native::(anonymous namespace)::launch_clamp_scalar(at::TensorIteratorBase&, c10::Scalar, c10::Scalar, at::native::detail::ClampLimits)::{lambda()#1}::operator()() const::{lambda()#9}::operator()() const::{lambda(c10::BFloat16)#1} const&)::{lambda(int)#1}>(int, at::native::gpu_kernel_impl_nocast<at::native::(anonymous namespace)::launch_clamp_scalar(at::TensorIteratorBase&, c10::Scalar, c10::Scalar, at::native::detail::ClampLimits)::{lambda()#1}::operator()() const::{lambda()#9}::operator()() const::{lambda(c10::BFloat16)#1}>(at::TensorIteratorBase&, at::native::(anonymous namespace)::launch_clamp_scalar(at::TensorIteratorBase&, c10::Scalar, c10::Scalar, at::native::detail::ClampLimits)::{lambda()#1}::operator()() const::{lambda()#9}::operator()() const::{lambda(c10::BFloat16)#1} const&)::{lambda(int)#1})",kernel,"void at::native::elementwise_kernel<128, 4, at::native::gpu_kernel_impl_nocast<at::native::(anonymous namespace)::launch_clamp_scalar(at::TensorIteratorBase&, c10::Scalar, c10::Scalar, at::native::detail::ClampLimits)::{lambda()#1}::operator()() const::{lambda()#9}::operator()() const::{lambda(c10::BFloat16)#1}>(at::TensorIteratorBase&, at::native::(anonymous namespace)::launch_clamp_scalar(at::TensorIteratorBase&, c10::Scalar, c10::Scalar, at::native::detail::ClampLimits)::{lambda()#1}::operator()() const::{lambda()#9}::operator()() const::{lambda(c10::BFloat16)#1} const&)::{lambda(int)#1}>(int, at::native::gpu_kernel_impl_nocast<at::native::(anonymous namespace)::launch_clamp_scalar(at::TensorIteratorBase&, c10::Scalar, c10::Scalar, at::native::detail::ClampLimits)::{lambda()#1}::operator()() const::{lambda()#9}::operator()() const::{lambda(c10::BFloat16)#1}>(at::TensorIteratorBase&, at::native::(anonymous namespace)::launch_clamp_scalar(at::TensorIteratorBase&, c10::Scalar, c10::Scalar, at::native::detail::ClampLimits)::{lambda()#1}::operator()() const::{lambda()#9}::operator()() const::{lambda(c10::BFloat16)#1} const&)::{lambda(int)#1})",false,按本次 Gems + Triton 口径未确认覆盖,尚未确认,1
kernel_73ab154e0e0018ffb898,"void at::native::vectorized_elementwise_kernel<4, at::native::(anonymous namespace)::launch_clamp_scalar(at::TensorIteratorBase&, c10::Scalar, c10::Scalar, at::native::detail::ClampLimits)::{lambda()#1}::operator()() const::{lambda()#7}::operator()() const::{lambda(float)#1}, std::array<char*, 2ul> >(int, at::native::(anonymous namespace)::launch_clamp_scalar(at::TensorIteratorBase&, c10::Scalar, c10::Scalar, at::native::detail::ClampLimits)::{lambda()#1}::operator()() const::{lambda()#7}::operator()() const::{lambda(float)#1}, std::array<char*, 2ul>)",kernel,"void at::native::vectorized_elementwise_kernel<4, at::native::(anonymous namespace)::launch_clamp_scalar(at::TensorIteratorBase&, c10::Scalar, c10::Scalar, at::native::detail::ClampLimits)::{lambda()#1}::operator()() const::{lambda()#7}::operator()() const::{lambda(float)#1}, std::array<char*, 2ul> >(int, at::native::(anonymous namespace)::launch_clamp_scalar(at::TensorIteratorBase&, c10::Scalar, c10::Scalar, at::native::detail::ClampLimits)::{lambda()#1}::operator()() const::{lambda()#7}::operator()() const::{lambda(float)#1}, std::array<char*, 2ul>)",false,按本次 Gems + Triton 口径未确认覆盖,尚未确认,1
kernel_01898f726e13064acc7c,"void cutlass::device_kernel<cutlass::gemm::kernel::Sm80PagedMqaLogits<signed char, int, 1u, 64u, 128u, 64u, 2u, 3u, 64u> >(cutlass::gemm::kernel::Sm80PagedMqaLogits<signed char, int, 1u, 64u, 128u, 64u, 2u, 3u, 64u>::Params)",kernel,"void cutlass::device_kernel<cutlass::gemm::kernel::Sm80PagedMqaLogits<signed char, int, 1u, 64u, 128u, 64u, 2u, 3u, 64u> >(cutlass::gemm::kernel::Sm80PagedMqaLogits<signed char, int, 1u, 64u, 128u, 64u, 2u, 3u, 64u>::Params)",false,按本次 Gems + Triton 口径未确认覆盖,尚未确认,1
kernel_463666325f1bacf62217,"void flash::flash_fwd_splitkv_mla_combine_kernel<Flash_fwd_kernel_traits<512, 16, 64, 16, false, false, cutlass::bfloat16_t, 512, true, false, 1, 1, 64, 2, 4, Flash_kernel_traits<512, 16, 64, 16, 64, false, cutlass::bfloat16_t> >, 32>(Flash_fwd_params)",kernel,"void flash::flash_fwd_splitkv_mla_combine_kernel<Flash_fwd_kernel_traits<512, 16, 64, 16, false, false, cutlass::bfloat16_t, 512, true, false, 1, 1, 64, 2, 4, Flash_kernel_traits<512, 16, 64, 16, 64, false, cutlass::bfloat16_t> >, 32>(Flash_fwd_params)",false,按本次 Gems + Triton 口径未确认覆盖,尚未确认,1
kernel_91c6930ac8ab7d512a6d,"void flash::flash_sparse_decode_fwd_kernel<Flash_fwd_kernel_traits<512, 16, 64, 16, false, false, cutlass::bfloat16_t, 512, true, false, 1, 1, 64, 2, 4, Flash_kernel_traits<512, 16, 64, 16, 64, false, cutlass::bfloat16_t> >, true>(Flash_fwd_params)",kernel,"void flash::flash_sparse_decode_fwd_kernel<Flash_fwd_kernel_traits<512, 16, 64, 16, false, false, cutlass::bfloat16_t, 512, true, false, 1, 1, 64, 2, 4, Flash_kernel_traits<512, 16, 64, 16, 64, false, cutlass::bfloat16_t> >, true>(Flash_fwd_params)",false,按本次 Gems + Triton 口径未确认覆盖,尚未确认,1
kernel_f143724e4a090d0d4204,"void pcclKernel_twoShotAllReduceKernel<__ppu_bfloat16, 16, 0, 0, 1, 1>(twoShotDevParams)",kernel,"void pcclKernel_twoShotAllReduceKernel<__ppu_bfloat16, 16, 0, 0, 1, 1>(twoShotDevParams)",false,按本次 Gems + Triton 口径未确认覆盖,尚未确认,1
