operator,overload_count,flaggems_registered,flaggems_executed,gpu_correlated,covered,coverage_reason,implementation_source,gpu_kernel_count,flaggems_impls,flaggems_modules
aten.__and__,2,true,false,false,,not_observed_this_round,,0,bitwise_and_scalar;bitwise_and_tensor,flag_gems.ops.bitwise_and
aten.__ilshift__,1,true,false,false,,not_observed_this_round,,0,__ilshift__,flag_gems.ops.__ilshift__
aten.__ior__,2,true,false,false,,not_observed_this_round,,0,bitwise_or_scalar_;bitwise_or_tensor_,flag_gems.ops.bitwise_or
aten.__irshift__,1,true,false,false,,not_observed_this_round,,0,__irshift__,flag_gems.ops.__irshift__
aten.__ixor__,2,true,false,false,,not_observed_this_round,,0,xor_;xor_scalar_,flag_gems.ops.__xor__
aten.__lshift__,1,true,false,false,,not_observed_this_round,,0,__lshift__,flag_gems.ops.__lshift__
aten.__or__,2,true,false,false,,not_observed_this_round,,0,bitwise_or_scalar;bitwise_or_tensor,flag_gems.ops.bitwise_or
aten.__xor__,2,true,false,false,,not_observed_this_round,,0,xor;xor_scalar,flag_gems.ops.__xor__
aten._adaptive_avg_pool2d,1,true,false,false,,not_observed_this_round,,0,adaptive_avg_pool2d,flag_gems.ops.adaptive_avg_pool2d
aten._adaptive_avg_pool2d_backward,1,true,false,false,,not_observed_this_round,,0,_adaptive_avg_pool2d_backward,flag_gems.ops._adaptive_avg_pool2d_backward
aten._add_relu,1,true,false,false,,not_observed_this_round,,0,_add_relu,flag_gems.ops._add_relu
aten._amp_foreach_non_finite_check_and_unscale_,1,true,false,false,,not_observed_this_round,,0,_amp_foreach_non_finite_check_and_unscale_,flag_gems.ops._amp_foreach_non_finite_check_and_unscale_
aten._assert_async,1,true,false,false,,not_observed_this_round,,0,_assert_async,flag_gems.ops.assert_async
aten._batch_norm_no_update,1,true,false,false,,not_observed_this_round,,0,_batch_norm_no_update,flag_gems.ops._batch_norm_no_update
aten._cdist_backward,1,true,false,false,,not_observed_this_round,,0,_cdist_backward,flag_gems.ops.cdist
aten._cdist_forward,1,true,false,false,,not_observed_this_round,,0,_cdist_forward,flag_gems.ops.cdist
aten._chunk_cat,1,true,false,false,,not_observed_this_round,,0,chunk_cat,flag_gems.ops._chunk_cat
aten._conj,1,true,false,false,,not_observed_this_round,,0,_conj,flag_gems.ops._conj
aten._conv_depthwise2d,1,true,false,false,,not_observed_this_round,,0,_conv_depthwise2d,flag_gems.ops.conv_depthwise2d
aten._convert_weight_to_int4pack,1,true,false,false,,not_observed_this_round,,0,_convert_weight_to_int4pack,flag_gems.ops._convert_weight_to_int4pack
aten._cudnn_attention_forward,1,true,false,false,,not_observed_this_round,,0,cudnn_attention_forward,flag_gems.ops.cudnn_attention_forward
aten._efficient_attention_backward,1,true,false,false,,not_observed_this_round,,0,efficient_attention_backward,flag_gems.ops.flash_attention_backward
aten._embedding_bag_dense_backward,1,true,false,false,,not_observed_this_round,,0,_embedding_bag_dense_backward,flag_gems.ops._embedding_bag_dense_backward
aten._embedding_bag_per_sample_weights_backward,1,true,false,false,,not_observed_this_round,,0,_embedding_bag_per_sample_weights_backward,flag_gems.ops._embedding_bag_per_sample_weights_backward
aten._euclidean_dist,1,true,false,false,,not_observed_this_round,,0,_euclidean_dist,flag_gems.ops._euclidean_dist
aten._flash_attention_backward,1,true,false,false,,not_observed_this_round,,0,flash_attention_backward,flag_gems.ops.flash_attention_backward
aten._flash_attention_forward,1,true,false,false,,not_observed_this_round,,0,_flash_attention_forward,flag_gems.ops._flash_attention_forward
aten._functional_sym_constrain_range,1,true,false,false,,not_observed_this_round,,0,_functional_sym_constrain_range,flag_gems.ops._functional_sym_constrain_range
aten._functional_sym_constrain_range_for_size,1,true,false,false,,not_observed_this_round,,0,_functional_sym_constrain_range_for_size,flag_gems.ops._functional_sym_constrain_range_for_size
aten._fused_adam,1,true,false,false,,not_observed_this_round,,0,_fused_adam,flag_gems.ops._fused_adam
aten._fused_adam_,1,true,false,false,,not_observed_this_round,,0,_fused_adam_,flag_gems.ops._fused_adam
aten._fused_rms_norm,1,true,false,false,,not_observed_this_round,,0,_fused_rms_norm,flag_gems.ops._fused_rms_norm
aten._grouped_mm,1,true,false,false,,not_observed_this_round,,0,group_mm,flag_gems.ops.group_gemm
aten._has_compatible_shallow_copy_type,1,true,false,false,,not_observed_this_round,,0,_has_compatible_shallow_copy_type,flag_gems.ops._has_compatible_shallow_copy_type
aten._index_put_impl_,1,true,false,false,,not_observed_this_round,,0,_index_put_impl_,flag_gems.ops.index_put
aten._is_all_true,1,true,false,false,,not_observed_this_round,,0,_is_all_true,flag_gems.ops._is_all_true
aten._jagged_to_padded_dense_forward,1,true,false,false,,not_observed_this_round,,0,_jagged_to_padded_dense_forward,flag_gems.ops._jagged_to_padded_dense_forward
aten._linalg_eigvals,1,true,false,false,,not_observed_this_round,,0,_linalg_eigvals,flag_gems.ops._linalg_eigvals
aten._log_softmax,2,true,false,false,,not_observed_this_round,,0,log_softmax;log_softmax_out,flag_gems.ops.log_softmax
aten._log_softmax_backward_data,2,true,false,false,,not_observed_this_round,,0,log_softmax_backward;log_softmax_backward_out,flag_gems.ops.log_softmax
aten._make_dep_token,1,true,false,false,,not_observed_this_round,,0,_make_dep_token,flag_gems.ops._make_dep_token
aten._masked_scale,1,true,false,false,,not_observed_this_round,,0,_masked_scale,flag_gems.ops._masked_scale
aten._native_batch_norm_legit_functional,1,true,false,false,,not_observed_this_round,,0,_native_batch_norm_legit_functional,flag_gems.ops._native_batch_norm_legit_functional
aten._nested_view_from_buffer_copy,1,true,false,false,,not_observed_this_round,,0,_nested_view_from_buffer_copy,flag_gems.ops._nested_view_from_buffer_copy
aten._pdist_backward,1,true,false,false,,not_observed_this_round,,0,_pdist_backward,flag_gems.ops._pdist_backward
aten._pdist_forward,1,true,false,false,,not_observed_this_round,,0,_pdist_forward,flag_gems.ops._pdist_forward
aten._prelu_kernel,1,true,false,false,,not_observed_this_round,,0,_prelu_kernel,flag_gems.ops._prelu_kernel
aten._prelu_kernel_backward,1,true,false,false,,not_observed_this_round,,0,_prelu_kernel_backward,flag_gems.ops._prelu_kernel_backward
aten._reshape_alias,1,true,true,false,,no_gpu_kernel_linkage,,0,_reshape_alias,flag_gems.ops._reshape_alias
aten._resize_output,1,true,false,false,,not_observed_this_round,,0,_resize_output,flag_gems.ops._resize_output
aten._safe_softmax,1,true,false,false,,not_observed_this_round,,0,_safe_softmax,flag_gems.ops._safe_softmax
aten._scaled_dot_product_cudnn_attention_backward,1,true,false,false,,not_observed_this_round,,0,scaled_dot_product_cudnn_attention_backward,flag_gems.ops.flash_attention_backward
aten._scaled_dot_product_efficient_attention_backward,1,true,false,false,,not_observed_this_round,,0,scaled_dot_product_efficient_attention_backward,flag_gems.ops.flash_attention_backward
aten._scaled_dot_product_flash_attention,1,true,false,false,,not_observed_this_round,,0,_scaled_dot_product_flash_attention,flag_gems.ops._scaled_dot_product_flash_attention
aten._scaled_dot_product_flash_attention_backward,1,true,false,false,,not_observed_this_round,,0,scaled_dot_product_flash_attention_backward,flag_gems.ops.flash_attention_backward
aten._scaled_dot_product_fused_attention_overrideable,1,true,false,false,,not_observed_this_round,,0,_scaled_dot_product_fused_attention_overrideable,flag_gems.ops._scaled_dot_product_fused_attention_overrideable
aten._scaled_grouped_mm,1,true,false,false,,not_observed_this_round,,0,scaled_grouped_mm,flag_gems.ops.scaled_grouped_mm
aten._scaled_mm,2,true,false,false,,not_observed_this_round,,0,scaled_mm;scaled_mm_out,flag_gems.ops.scaled_mm
aten._segment_reduce_backward,2,true,false,false,,not_observed_this_round,,0,_segment_reduce_backward;_segment_reduce_backward_out,flag_gems.ops.segment_reduce
aten._softmax,2,true,true,false,,not_observed_this_round,,0,softmax;softmax_out,flag_gems.ops.softmax
aten._softmax_backward_data,2,true,false,false,,not_observed_this_round,,0,softmax_backward;softmax_backward_out,flag_gems.ops.softmax
aten._sparse_semi_structured_mm,1,true,false,false,,not_observed_this_round,,0,_sparse_semi_structured_mm,flag_gems.ops._sparse_semi_structured_mm
aten._thnn_fused_lstm_cell,1,true,false,false,,not_observed_this_round,,0,_thnn_fused_lstm_cell,flag_gems.ops._thnn_fused_lstm_cell
aten._thnn_fused_lstm_cell_backward_impl,1,true,false,false,,not_observed_this_round,,0,_thnn_fused_lstm_cell_backward_impl,flag_gems.ops._thnn_fused_lstm_cell_backward_impl
aten._to_copy,1,true,true,true,true,correlated_triton_implementation; flaggems_execution_log_intersection,FlagGems（日志交集，非所有调用归因）; 尚未确认（已证实 Triton）,1,to_copy,flag_gems.ops.to
aten._unique2,1,true,false,false,,not_observed_this_round,,0,_unique2,flag_gems.ops.unique
aten._unsafe_masked_index,1,true,false,false,,not_observed_this_round,,0,_unsafe_masked_index,flag_gems.ops._unsafe_masked_index
aten._unsafe_masked_index_put_accumulate,1,true,false,false,,not_observed_this_round,,0,_unsafe_masked_index_put_accumulate,flag_gems.ops._unsafe_masked_index_put_accumulate
aten._unsafe_view,1,true,true,false,,no_gpu_kernel_linkage,,0,_unsafe_view,flag_gems.ops._unsafe_view
aten._upsample_bicubic2d_aa,1,true,false,false,,not_observed_this_round,,0,_upsample_bicubic2d_aa,flag_gems.ops.upsample_bicubic2d_aa
aten._upsample_bicubic2d_aa_backward,1,true,false,false,,not_observed_this_round,,0,_upsample_bicubic2d_aa_backward,flag_gems.ops.upsample_bicubic2d_aa_backward
aten._upsample_bilinear2d_aa,1,true,false,false,,not_observed_this_round,,0,_upsample_bilinear2d_aa,flag_gems.ops._upsample_bilinear2d_aa
aten._upsample_nearest_exact1d,1,true,false,false,,not_observed_this_round,,0,_upsample_nearest_exact1d,flag_gems.ops._upsample_nearest_exact1d
aten._upsample_nearest_exact2d,1,true,false,false,,not_observed_this_round,,0,_upsample_nearest_exact2d,flag_gems.ops._upsample_nearest_exact2d
aten._upsample_nearest_exact2d_backward,1,true,false,false,,not_observed_this_round,,0,_upsample_nearest_exact2d_backward,flag_gems.ops._upsample_nearest_exact2d_backward
aten._upsample_nearest_exact3d,1,true,false,false,,not_observed_this_round,,0,_upsample_nearest_exact3d,flag_gems.ops._upsample_nearest_exact3d
aten._weight_norm,1,true,false,false,,not_observed_this_round,,0,_weight_norm,flag_gems.ops._weight_norm
aten._weight_norm_interface,1,true,false,false,,not_observed_this_round,,0,weight_norm_interface,flag_gems.ops.weightnorm
aten._weight_norm_interface_backward,1,true,false,false,,not_observed_this_round,,0,weight_norm_interface_backward,flag_gems.ops.weightnorm
aten.abs,1,true,false,false,,not_observed_this_round,,0,abs,flag_gems.ops.abs
aten.abs_,1,true,false,false,,not_observed_this_round,,0,abs_,flag_gems.ops.abs
aten.absolute,1,true,false,false,,not_observed_this_round,,0,absolute,flag_gems.ops.absolute
aten.acos,1,true,false,false,,not_observed_this_round,,0,acos,flag_gems.ops.acos
aten.acosh,1,true,false,false,,not_observed_this_round,,0,acosh,flag_gems.ops.acosh
aten.acosh_,1,true,false,false,,not_observed_this_round,,0,acosh_,flag_gems.ops.acosh
aten.adaptive_max_pool3d_backward,1,true,false,false,,not_observed_this_round,,0,adaptive_max_pool3d_backward,flag_gems.ops.adaptive_max_pool3d_backward
aten.add,1,true,true,true,true,correlated_triton_implementation; flaggems_execution_log_intersection,FlagGems（日志交集，非所有调用归因）; 尚未确认（已证实 Triton）,3,add,flag_gems.ops.add
aten.add_,1,true,false,false,,not_observed_this_round,,0,add_,flag_gems.ops.add
aten.add_rms_norm,1,true,false,false,,not_observed_this_round,,0,add_rms_norm,flag_gems.fused.add_rms_norm
aten.addbmm,1,true,false,false,,not_observed_this_round,,0,addbmm,flag_gems.ops.addbmm
aten.addcdiv,2,true,false,false,,not_observed_this_round,,0,addcdiv;addcdiv_out,flag_gems.ops.addcdiv
aten.addcdiv_,1,true,false,false,,not_observed_this_round,,0,addcdiv_,flag_gems.ops.addcdiv
aten.addcmul,2,true,false,false,,not_observed_this_round,,0,addcmul;addcmul_out,flag_gems.ops.addcmul
aten.addcmul_,1,true,false,false,,not_observed_this_round,,0,addcmul_,flag_gems.ops.addcmul
aten.addmm,4,true,false,false,,not_observed_this_round,,0,addmm;addmm_dtype;addmm_dtype_out;addmm_out,flag_gems.ops.addmm
aten.addmm_,1,true,false,false,,not_observed_this_round,,0,addmm_,flag_gems.ops.addmm_
aten.addmv,2,true,false,false,,not_observed_this_round,,0,addmv;addmv_out,flag_gems.ops.addmv
aten.addr,1,true,false,false,,not_observed_this_round,,0,addr,flag_gems.ops.addr
aten.affine_grid_generator,1,true,false,false,,not_observed_this_round,,0,affine_grid_generator,flag_gems.ops.affine_grid_generator
aten.alias,1,true,true,false,,no_gpu_kernel_linkage,,0,alias,flag_gems.ops.alias
aten.alias_copy,1,true,false,false,,not_observed_this_round,,0,alias_copy,flag_gems.ops.alias_copy
aten.all,3,true,false,false,,no_gpu_kernel_linkage,,0,all;all_dim;all_dims,flag_gems.ops.all
aten.allclose,1,true,false,false,,not_observed_this_round,,0,allclose,flag_gems.ops.isclose
aten.alpha_dropout,1,true,false,false,,not_observed_this_round,,0,alpha_dropout,flag_gems.ops.alpha_dropout
aten.amax,1,true,false,false,,not_observed_this_round,,0,amax,flag_gems.ops.amax
aten.amin,1,true,false,false,,not_observed_this_round,,0,amin,flag_gems.ops.amin
aten.amin_,1,true,false,false,,not_observed_this_round,,0,amin_,flag_gems.ops.amin
aten.aminmax,1,true,false,false,,not_observed_this_round,,0,aminmax,flag_gems.ops.aminmax
aten.angle,1,true,false,false,,not_observed_this_round,,0,angle,flag_gems.ops.angle
aten.any,3,true,false,false,,not_observed_this_round,,0,any;any_dim;any_dims,flag_gems.ops.any
aten.arccos,1,true,false,false,,not_observed_this_round,,0,arccos,flag_gems.ops.arccos
aten.arccos_,1,true,false,false,,not_observed_this_round,,0,arccos_,flag_gems.ops.arccos
aten.arccosh,2,true,false,false,,not_observed_this_round,,0,arccosh;arccosh_out,flag_gems.ops.arccosh
aten.arccosh_,1,true,false,false,,not_observed_this_round,,0,arccosh_,flag_gems.ops.arccosh_
aten.arcsin,2,true,false,false,,not_observed_this_round,,0,arcsin,flag_gems.ops.arcsin
aten.arcsin_,1,true,false,false,,not_observed_this_round,,0,arcsin_,flag_gems.ops.arcsin
aten.arcsinh,2,true,false,false,,not_observed_this_round,,0,arcsinh;arcsinh_out,flag_gems.ops.arcsinh
aten.arcsinh_,1,true,false,false,,not_observed_this_round,,0,arcsinh_,flag_gems.ops.arcsinh_
aten.arctan,1,true,false,false,,not_observed_this_round,,0,arctan,flag_gems.ops.arctan_
aten.arctan2,1,true,false,false,,not_observed_this_round,,0,arctan2,flag_gems.ops.arctan2
aten.arctan2_,1,true,false,false,,not_observed_this_round,,0,arctan2_,flag_gems.ops.arctan2
aten.arctan_,1,true,false,false,,not_observed_this_round,,0,arctan_,flag_gems.ops.arctan_
aten.arctanh_,1,true,false,false,,not_observed_this_round,,0,arctanh_,flag_gems.ops.arctanh_
aten.argmax,1,true,true,true,true,correlated_triton_implementation; flaggems_execution_log_intersection,FlagGems（日志交集，非所有调用归因）; 尚未确认（已证实 Triton）,1,argmax,flag_gems.ops.argmax
aten.argmin,1,true,false,false,,not_observed_this_round,,0,argmin,flag_gems.ops.argmin
aten.argsort,1,true,false,false,,not_observed_this_round,,0,argsort,flag_gems.ops.argsort
aten.as_strided_copy,2,true,false,false,,not_observed_this_round,,0,as_strided_copy;as_strided_copy_out,flag_gems.ops.as_strided_copy
aten.asin,1,true,false,false,,not_observed_this_round,,0,asin,flag_gems.ops.asin
aten.asin_,1,true,false,false,,not_observed_this_round,,0,asin_,flag_gems.ops.asin
aten.asinh,2,true,false,false,,not_observed_this_round,,0,asinh;asinh_out,flag_gems.ops.asinh
aten.asinh_,1,true,false,false,,not_observed_this_round,,0,asinh_,flag_gems.ops.asinh_
aten.atan,1,true,false,false,,not_observed_this_round,,0,atan,flag_gems.ops.atan
aten.atan2,2,true,false,false,,not_observed_this_round,,0,atan2;atan2_out,flag_gems.ops.atan2
aten.atan_,1,true,false,false,,not_observed_this_round,,0,atan_,flag_gems.ops.atan
aten.atanh,1,true,false,false,,not_observed_this_round,,0,atanh,flag_gems.ops.atanh
aten.avg_pool2d,1,true,false,false,,not_observed_this_round,,0,avg_pool2d,flag_gems.ops.avg_pool2d
aten.avg_pool2d_backward,1,true,false,false,,not_observed_this_round,,0,avg_pool2d_backward,flag_gems.ops.avg_pool2d
aten.avg_pool3d,1,true,false,false,,not_observed_this_round,,0,avg_pool3d,flag_gems.ops.avg_pool3d
aten.avg_pool3d_backward,1,true,false,false,,not_observed_this_round,,0,avg_pool3d_backward,flag_gems.ops.avg_pool3d
aten.baddbmm,2,true,false,false,,not_observed_this_round,,0,baddbmm;baddbmm_out,flag_gems.ops.baddbmm
aten.beam_search_score,1,true,false,false,,not_observed_this_round,,0,beam_search_score,flag_gems.fused.beam_search_score
aten.beam_search_score_,1,true,false,false,,not_observed_this_round,,0,beam_search_score_,flag_gems.fused.beam_search_score
aten.bernoulli,1,true,false,false,,not_observed_this_round,,0,bernoulli,flag_gems.ops.bernoulli
aten.bernoulli_,1,true,false,false,,not_observed_this_round,,0,bernoulli_,flag_gems.ops.bernoulli_
aten.binary_cross_entropy_backward,1,true,false,false,,not_observed_this_round,,0,binary_cross_entropy_backward,flag_gems.ops.binary_cross_entropy_backward
aten.binary_cross_entropy_with_logits,1,true,false,false,,not_observed_this_round,,0,binary_cross_entropy_with_logits,flag_gems.ops.binary_cross_entropy_with_logits
aten.bincount,1,true,false,false,,not_observed_this_round,,0,bincount,flag_gems.ops.bincount
aten.bitwise_and,3,true,false,false,,not_observed_this_round,,0,bitwise_and_scalar;bitwise_and_scalar_tensor;bitwise_and_tensor,flag_gems.ops.bitwise_and
aten.bitwise_and_,2,true,false,false,,not_observed_this_round,,0,bitwise_and_scalar_;bitwise_and_tensor_,flag_gems.ops.bitwise_and
aten.bitwise_left_shift,1,true,false,false,,not_observed_this_round,,0,bitwise_left_shift,flag_gems.ops.bitwise_left_shift
aten.bitwise_left_shift_,1,true,false,false,,not_observed_this_round,,0,bitwise_left_shift_,flag_gems.ops.bitwise_left_shift
aten.bitwise_not,1,true,false,false,,not_observed_this_round,,0,bitwise_not,flag_gems.ops.bitwise_not
aten.bitwise_not_,1,true,false,false,,not_observed_this_round,,0,bitwise_not_,flag_gems.ops.bitwise_not
aten.bitwise_or,3,true,false,false,,not_observed_this_round,,0,bitwise_or_scalar;bitwise_or_scalar_tensor;bitwise_or_tensor,flag_gems.ops.bitwise_or
aten.bitwise_or_,2,true,false,false,,not_observed_this_round,,0,bitwise_or_scalar_;bitwise_or_tensor_,flag_gems.ops.bitwise_or
aten.bitwise_right_shift,1,true,false,false,,not_observed_this_round,,0,bitwise_right_shift,flag_gems.ops.bitwise_right_shift
aten.bitwise_right_shift_,1,true,false,false,,not_observed_this_round,,0,bitwise_right_shift_,flag_gems.ops.bitwise_right_shift
aten.bitwise_xor,3,true,false,false,,not_observed_this_round,,0,bitwise_xor_scalar;bitwise_xor_scalar_tensor;bitwise_xor_tensor,flag_gems.ops.bitwise_xor
aten.bitwise_xor_,2,true,false,false,,not_observed_this_round,,0,bitwise_xor_scalar_;bitwise_xor_tensor_,flag_gems.ops.bitwise_xor
aten.block_diag,1,true,false,false,,not_observed_this_round,,0,block_diag,flag_gems.ops.block_diag
aten.bmm,2,true,false,false,,not_observed_this_round,,0,bmm;bmm_out,flag_gems.ops.bmm
aten.broadcast_tensors,1,true,false,false,,not_observed_this_round,,0,broadcast_tensors,flag_gems.ops.broadcast_tensors
aten.broadcast_to,1,true,false,false,,not_observed_this_round,,0,broadcast_to,flag_gems.ops.broadcast_to
aten.bucketize,1,true,false,false,,not_observed_this_round,,0,bucketize,flag_gems.ops.bucketize
aten.cauchy,1,true,false,false,,not_observed_this_round,,0,cauchy,flag_gems.ops.cauchy
aten.cauchy_,1,true,false,false,,not_observed_this_round,,0,cauchy_,flag_gems.ops.cauchy
aten.ceil,2,true,false,false,,not_observed_this_round,,0,ceil;ceil_out,flag_gems.ops.ceil
aten.ceil_,1,true,false,false,,not_observed_this_round,,0,ceil_,flag_gems.ops.ceil
aten.celu,1,true,false,false,,not_observed_this_round,,0,celu,flag_gems.ops.celu
aten.celu_,1,true,false,false,,not_observed_this_round,,0,celu_,flag_gems.ops.celu
aten.channel_shuffle,1,true,false,false,,not_observed_this_round,,0,channel_shuffle,flag_gems.ops.channel_shuffle
aten.cholesky_inverse,1,true,false,false,,not_observed_this_round,,0,cholesky_inverse,flag_gems.ops.cholesky_inverse
aten.cholesky_solve,2,true,false,false,,not_observed_this_round,,0,cholesky_solve;cholesky_solve_out,flag_gems.ops.cholesky_solve
aten.chunk,1,true,false,false,,not_observed_this_round,,0,chunk,flag_gems.ops.chunk
aten.clip,1,true,false,false,,not_observed_this_round,,0,clip,flag_gems.ops.clip
aten.clip_,1,true,false,false,,not_observed_this_round,,0,clip_,flag_gems.ops.clip
aten.col2im,1,true,false,false,,not_observed_this_round,,0,col2im,flag_gems.ops.col2im
aten.concat,1,true,false,false,,not_observed_this_round,,0,concat,flag_gems.ops.concat
aten.concatenate,1,true,false,false,,not_observed_this_round,,0,concatenate,flag_gems.ops.concatenate
aten.conj_physical,1,true,false,false,,not_observed_this_round,,0,conj_physical,flag_gems.ops.conj_physical
aten.constant_pad_nd,1,true,false,false,,not_observed_this_round,,0,constant_pad_nd,flag_gems.ops.pad
aten.conv1d,2,true,false,false,,not_observed_this_round,,0,conv1d,flag_gems.ops.conv1d
aten.conv2d,2,true,false,false,,not_observed_this_round,,0,conv2d,flag_gems.ops.conv2d
aten.conv3d,2,true,false,false,,not_observed_this_round,,0,conv3d,flag_gems.ops.conv3d
aten.conv_transpose1d,1,true,false,false,,not_observed_this_round,,0,conv_transpose1d,flag_gems.ops.conv_transpose1d
aten.conv_transpose2d,1,true,false,false,,not_observed_this_round,,0,conv_transpose2d,flag_gems.ops.conv_transpose2d
aten.copysign,2,true,false,false,,not_observed_this_round,,0,copysign;copysign_out,flag_gems.ops.copysign
aten.copysign_,1,true,false,false,,not_observed_this_round,,0,copysign_,flag_gems.ops.copysign_
aten.cos,1,true,true,false,,not_observed_this_round,,0,cos,flag_gems.ops.cos
aten.cos_,1,true,false,false,,not_observed_this_round,,0,cos_,flag_gems.ops.cos
aten.cosh,2,true,false,false,,not_observed_this_round,,0,cosh;cosh_out,flag_gems.ops.cosh
aten.cosh_,1,true,false,false,,not_observed_this_round,,0,cosh_,flag_gems.ops.cosh
aten.count_nonzero,1,true,false,false,,not_observed_this_round,,0,count_nonzero,flag_gems.ops.count_nonzero
aten.ctc_loss,2,true,false,false,,not_observed_this_round,,0,ctc_loss,flag_gems.ops.ctc_loss
aten.cudnn_batch_norm_backward,1,true,false,false,,not_observed_this_round,,0,cudnn_batch_norm_backward,flag_gems.ops.cudnn_batch_norm_backward
aten.cudnn_convolution,1,true,false,false,,not_observed_this_round,,0,cudnn_convolution,flag_gems.ops.cudnn_convolution
aten.cummax,1,true,false,false,,not_observed_this_round,,0,cummax,flag_gems.ops.cummax
aten.cummin,1,true,false,false,,not_observed_this_round,,0,cummin,flag_gems.ops.cummin
aten.cumprod,1,true,false,false,,not_observed_this_round,,0,cumprod,flag_gems.ops.cumprod
aten.cumprod_,1,true,false,false,,not_observed_this_round,,0,cumprod_,flag_gems.ops.cumprod
aten.cumsum,2,true,true,false,,no_gpu_kernel_linkage,,0,cumsum;cumsum_out,flag_gems.ops.cumsum
aten.deg2rad,2,true,false,false,,not_observed_this_round,,0,deg2rad;deg2rad_out,flag_gems.ops.deg2rad
aten.deg2rad_,1,true,false,false,,not_observed_this_round,,0,deg2rad_,flag_gems.ops.deg2rad
aten.dequantize,2,true,false,false,,not_observed_this_round,,0,dequantize,flag_gems.ops.dequantize
aten.diag,1,true,false,false,,not_observed_this_round,,0,diag,flag_gems.ops.diag
aten.diag_embed,1,true,false,false,,not_observed_this_round,,0,diag_embed,flag_gems.ops.diag_embed
aten.diagonal_backward,1,true,false,false,,not_observed_this_round,,0,diagonal_backward,flag_gems.ops.diagonal
aten.diagonal_copy,1,true,false,false,,not_observed_this_round,,0,diagonal_copy,flag_gems.ops.diagonal_copy
aten.diagonal_scatter,1,true,false,false,,not_observed_this_round,,0,diagonal_scatter,flag_gems.ops.diagonal_scatter
aten.diff,1,true,false,false,,no_gpu_kernel_linkage,,0,diff,flag_gems.ops.diff
aten.digamma,1,true,false,false,,not_observed_this_round,,0,digamma,flag_gems.ops.digamma_
aten.digamma_,1,true,false,false,,not_observed_this_round,,0,digamma_,flag_gems.ops.digamma_
aten.div,5,true,true,true,true,correlated_triton_implementation; flaggems_execution_log_intersection,FlagGems（日志交集，非所有调用归因）; 尚未确认（已证实 Triton）,1,div_mode;true_divide;true_divide_out,flag_gems.ops.div
aten.div_,4,true,true,false,,not_observed_this_round,,0,div_mode_;true_divide_,flag_gems.ops.div
aten.divide,4,true,true,false,,not_observed_this_round,,0,div_mode;true_divide,flag_gems.ops.div
aten.divide_,4,true,true,false,,not_observed_this_round,,0,div_mode_;true_divide_,flag_gems.ops.div
aten.dot,1,true,false,false,,not_observed_this_round,,0,dot,flag_gems.ops.dot
aten.elu,1,true,false,false,,not_observed_this_round,,0,elu,flag_gems.ops.elu
aten.elu_,1,true,false,false,,not_observed_this_round,,0,elu_,flag_gems.ops.elu
aten.elu_backward,1,true,false,false,,not_observed_this_round,,0,elu_backward,flag_gems.ops.elu
aten.embedding,1,true,true,true,true,correlated_triton_implementation; flaggems_execution_log_intersection,FlagGems（日志交集，非所有调用归因）; 尚未确认（已证实 Triton）,1,embedding,flag_gems.ops.embedding
aten.embedding_backward,1,true,false,false,,not_observed_this_round,,0,embedding_backward,flag_gems.ops.embedding
aten.embedding_dense_backward,1,true,false,false,,not_observed_this_round,,0,embedding_dense_backward,flag_gems.ops.embedding_dense_backward
aten.eq,2,true,false,false,,no_gpu_kernel_linkage,,0,eq;eq_scalar,flag_gems.ops.eq
aten.eq_,2,true,false,false,,not_observed_this_round,,0,eq_;eq_scalar_,flag_gems.ops.eq_
aten.equal,1,true,false,false,,not_observed_this_round,,0,equal,flag_gems.ops.eq
aten.erf,1,true,false,false,,not_observed_this_round,,0,erf,flag_gems.ops.erf
aten.erf_,1,true,false,false,,not_observed_this_round,,0,erf_,flag_gems.ops.erf
aten.erfinv,1,true,false,false,,not_observed_this_round,,0,erfinv,flag_gems.ops.erfinv_
aten.erfinv_,1,true,false,false,,not_observed_this_round,,0,erfinv_,flag_gems.ops.erfinv_
aten.exp,2,true,false,false,,not_observed_this_round,,0,exp;exp_out,flag_gems.ops.exp
aten.exp2,1,true,false,false,,not_observed_this_round,,0,exp2,flag_gems.ops.exp2
aten.exp2_,1,true,false,false,,not_observed_this_round,,0,exp2_,flag_gems.ops.exp2
aten.exp_,1,true,false,false,,not_observed_this_round,,0,exp_,flag_gems.ops.exp
aten.expand,1,true,true,false,,no_gpu_kernel_linkage,,0,expand,flag_gems.ops.expand
aten.expand_,1,true,false,false,,not_observed_this_round,,0,expand_,flag_gems.ops.expand
aten.expand_as,1,true,true,false,,no_gpu_kernel_linkage,,0,expand_as,flag_gems.ops.expand_as
aten.expm1,2,true,false,false,,not_observed_this_round,,0,expm1;expm1_out,flag_gems.ops.expm1
aten.expm1_,1,true,false,false,,not_observed_this_round,,0,expm1_,flag_gems.ops.expm1
aten.exponential_,1,true,true,false,,not_observed_this_round,,0,exponential_,flag_gems.ops.exponential_
aten.eye,2,true,false,false,,not_observed_this_round,,0,eye;eye_m,flag_gems.ops.eye;flag_gems.ops.eye_m
aten.feature_dropout,1,true,false,false,,not_observed_this_round,,0,feature_dropout,flag_gems.ops.feature_dropout
aten.feature_dropout_,1,true,false,false,,not_observed_this_round,,0,feature_dropout_,flag_gems.ops.feature_dropout
aten.fill,4,true,false,false,,not_observed_this_round,,0,fill_scalar;fill_scalar_out;fill_tensor;fill_tensor_out,flag_gems.ops.fill
aten.fill_,2,true,true,true,true,correlated_triton_implementation; flaggems_execution_log_intersection,FlagGems（日志交集，非所有调用归因）; 尚未确认（已证实 Triton）,1,fill_scalar_;fill_tensor_,flag_gems.ops.fill
aten.fix,1,true,false,false,,not_observed_this_round,,0,fix,flag_gems.ops.fix
aten.fix_,1,true,false,false,,not_observed_this_round,,0,fix_,flag_gems.ops.fix_
aten.flatten,1,true,true,false,,no_gpu_kernel_linkage,,0,flatten,flag_gems.ops.flatten
aten.flip,1,true,false,false,,not_observed_this_round,,0,flip,flag_gems.ops.flip
aten.float_power_,2,true,false,false,,not_observed_this_round,,0,float_power_tensor_scalar_;float_power_tensor_tensor_,flag_gems.ops.float_power_
aten.floor,2,true,false,false,,not_observed_this_round,,0,floor;floor_out,flag_gems.ops.floor
aten.floor_,1,true,false,false,,not_observed_this_round,,0,floor_,flag_gems.ops.floor_
aten.floor_divide,2,true,true,true,true,correlated_triton_implementation; flaggems_execution_log_intersection,FlagGems（日志交集，非所有调用归因）; 尚未确认（已证实 Triton）,1,floor_divide,flag_gems.ops.div
aten.floor_divide_,2,true,false,false,,not_observed_this_round,,0,floor_divide_,flag_gems.ops.div
aten.fmax,2,true,false,false,,not_observed_this_round,,0,fmax;fmax_out,flag_gems.ops.fmax
aten.fmin,2,true,false,false,,not_observed_this_round,,0,fmin;fmin_out,flag_gems.ops.fmin
aten.fmod,2,true,false,false,,not_observed_this_round,,0,fmod_scalar;fmod_tensor,flag_gems.ops.fmod
aten.fmod_,3,true,false,false,,not_observed_this_round,,0,fmod_;fmod_scalar_;fmod_tensor_,flag_gems.ops.fmod;flag_gems.ops.fmod_
aten.frac,1,true,false,false,,not_observed_this_round,,0,frac,flag_gems.ops.frac_
aten.frac_,1,true,false,false,,not_observed_this_round,,0,frac_,flag_gems.ops.frac_
aten.fractional_max_pool2d,1,true,false,false,,not_observed_this_round,,0,fractional_max_pool2d,flag_gems.ops.fractional_max_pool2d
aten.fractional_max_pool2d_backward,1,true,false,false,,not_observed_this_round,,0,fractional_max_pool2d_backward,flag_gems.ops.fractional_max_pool2d
aten.full,1,true,true,true,true,correlated_triton_implementation; flaggems_execution_log_intersection,FlagGems（日志交集，非所有调用归因）; 尚未确认（已证实 Triton）,1,full,flag_gems.ops.full
aten.full_like,1,true,false,false,,not_observed_this_round,,0,full_like,flag_gems.ops.full_like
aten.gather,1,true,true,true,true,correlated_triton_implementation; flaggems_execution_log_intersection,FlagGems（日志交集，非所有调用归因）; 尚未确认（已证实 Triton）,1,gather,flag_gems.ops.gather
aten.gather_backward,1,true,false,false,,not_observed_this_round,,0,gather_backward,flag_gems.ops.gather
aten.gather_block_quantized,1,true,false,false,,not_observed_this_round,,0,gather_block_quantized,flag_gems.ops.gather_block_quantized
aten.gcd,2,true,false,false,,not_observed_this_round,,0,gcd;gcd_out,flag_gems.ops.gcd
aten.gcd_,1,true,false,false,,not_observed_this_round,,0,gcd_,flag_gems.ops.gcd_
aten.ge,2,true,true,true,true,correlated_triton_implementation; flaggems_execution_log_intersection,FlagGems（日志交集，非所有调用归因）; 尚未确认（已证实 Triton）,1,ge;ge_scalar,flag_gems.ops.ge
aten.gelu,1,true,false,false,,not_observed_this_round,,0,gelu,flag_gems.ops.gelu
aten.gelu_,1,true,false,false,,not_observed_this_round,,0,gelu_,flag_gems.ops.gelu
aten.gelu_backward,1,true,false,false,,not_observed_this_round,,0,gelu_backward,flag_gems.ops.gelu
aten.geometric,1,true,false,false,,not_observed_this_round,,0,geometric,flag_gems.ops.geometric
aten.geometric_,1,true,false,false,,not_observed_this_round,,0,geometric_,flag_gems.ops.geometric
aten.glu,1,true,false,false,,not_observed_this_round,,0,glu,flag_gems.ops.glu
aten.glu_backward,1,true,false,false,,not_observed_this_round,,0,glu_backward,flag_gems.ops.glu
aten.greater,4,true,false,false,,not_observed_this_round,,0,greater;greater_out;greater_scalar;greater_scalar_out,flag_gems.ops.greater
aten.greater_equal,2,true,true,false,,not_observed_this_round,,0,ge;ge_scalar,flag_gems.ops.ge
aten.greater_equal_,1,true,false,false,,not_observed_this_round,,0,greater_equal_,flag_gems.ops.greater_equal
aten.grid_sample,1,true,false,false,,not_observed_this_round,,0,grid_sample,flag_gems.ops.grid_sample
aten.gt,2,true,false,false,,not_observed_this_round,,0,gt;gt_scalar,flag_gems.ops.gt
aten.gt_,2,true,false,false,,not_observed_this_round,,0,gt_scalar_;gt_tensor_,flag_gems.ops.gt
aten.hardshrink,2,true,false,false,,not_observed_this_round,,0,hardshrink;hardshrink_out,flag_gems.ops.hardshrink
aten.hardsigmoid,2,true,false,false,,not_observed_this_round,,0,hardsigmoid;hardsigmoid_out,flag_gems.ops.hardsigmoid
aten.hardsigmoid_,1,true,false,false,,not_observed_this_round,,0,hardsigmoid_,flag_gems.ops.hardsigmoid_
aten.hardswish_,1,true,false,false,,not_observed_this_round,,0,hardswish_,flag_gems.ops.hardswish_
aten.hardtanh_,1,true,false,false,,not_observed_this_round,,0,hardtanh_,flag_gems.ops.hardtanh_
aten.heaviside_,1,true,false,false,,not_observed_this_round,,0,heaviside_,flag_gems.ops.heaviside_
aten.histc,1,true,false,false,,not_observed_this_round,,0,histc,flag_gems.ops.histc
aten.hstack,1,true,false,false,,not_observed_this_round,,0,hstack,flag_gems.ops.hstack
aten.huber_loss,2,true,false,false,,not_observed_this_round,,0,huber_loss;huber_loss_out,flag_gems.ops.huber_loss
aten.hypot,1,true,false,false,,not_observed_this_round,,0,hypot,flag_gems.ops.hypot
aten.hypot_,1,true,false,false,,not_observed_this_round,,0,hypot_,flag_gems.ops.hypot_
aten.i0,2,true,false,false,,not_observed_this_round,,0,i0;i0_out,flag_gems.ops.i0
aten.i0_,1,true,false,false,,not_observed_this_round,,0,i0_,flag_gems.ops.i0_
aten.igamma_,1,true,false,false,,not_observed_this_round,,0,igamma_,flag_gems.ops.igamma_
aten.igammac_,1,true,false,false,,not_observed_this_round,,0,igammac_,flag_gems.ops.igammac_
aten.im2col,1,true,false,false,,not_observed_this_round,,0,im2col,flag_gems.ops.im2col
aten.index,1,true,true,true,true,correlated_triton_implementation; flaggems_execution_log_intersection,FlagGems（日志交集，非所有调用归因）; 尚未确认（已证实 Triton）,1,index,flag_gems.ops.index
aten.index_add,1,true,false,false,,not_observed_this_round,,0,index_add,flag_gems.ops.index_add
aten.index_add_,1,true,false,false,,not_observed_this_round,,0,index_add_,flag_gems.ops.index_add
aten.index_copy,1,true,false,false,,not_observed_this_round,,0,index_copy,flag_gems.ops.index_copy_
aten.index_copy_,1,true,false,false,,not_observed_this_round,,0,index_copy_,flag_gems.ops.index_copy_
aten.index_put,1,true,false,false,,not_observed_this_round,,0,index_put,flag_gems.ops.index_put
aten.index_put_,1,true,false,false,,not_observed_this_round,,0,index_put_,flag_gems.ops.index_put
aten.index_reduce_,1,true,false,false,,not_observed_this_round,,0,index_reduce_,flag_gems.ops.index_reduce
aten.index_select,1,true,false,false,,no_gpu_kernel_linkage,,0,index_select,flag_gems.ops.index_select
aten.index_select_backward,1,true,false,false,,not_observed_this_round,,0,index_select_backward,flag_gems.ops.index_select_backward
aten.is_nonzero,1,true,false,false,,no_gpu_kernel_linkage,,0,is_nonzero,flag_gems.ops.is_nonzero
aten.isclose,1,true,false,false,,not_observed_this_round,,0,isclose,flag_gems.ops.isclose
aten.isfinite,1,true,false,false,,not_observed_this_round,,0,isfinite,flag_gems.ops.isfinite
aten.isin,3,true,false,false,,not_observed_this_round,,0,isin,flag_gems.ops.isin
aten.isinf,1,true,false,false,,not_observed_this_round,,0,isinf,flag_gems.ops.isinf
aten.isnan,1,true,false,false,,not_observed_this_round,,0,isnan,flag_gems.ops.isnan
aten.isneginf,2,true,false,false,,not_observed_this_round,,0,isneginf;isneginf_out,flag_gems.ops.isneginf
aten.isposinf,1,true,false,false,,not_observed_this_round,,0,isposinf,flag_gems.ops.isposinf
aten.kron,1,true,false,false,,not_observed_this_round,,0,kron,flag_gems.ops.kron
aten.kthvalue,1,true,false,false,,not_observed_this_round,,0,kthvalue,flag_gems.ops.kthvalue
aten.lcm,1,true,false,false,,not_observed_this_round,,0,lcm,flag_gems.ops.lcm
aten.lcm_,1,true,false,false,,not_observed_this_round,,0,lcm_,flag_gems.ops.lcm
aten.le,2,true,false,false,,not_observed_this_round,,0,le;le_scalar,flag_gems.ops.le
aten.le_,2,true,false,false,,not_observed_this_round,,0,le_;le_scalar_,flag_gems.ops.le_
aten.leaky_relu,2,true,false,false,,not_observed_this_round,,0,leaky_relu;leaky_relu_out,flag_gems.ops.leaky_relu
aten.leaky_relu_,1,true,false,false,,not_observed_this_round,,0,leaky_relu_,flag_gems.ops.leaky_relu
aten.lerp,2,true,false,false,,not_observed_this_round,,0,lerp_scalar;lerp_tensor,flag_gems.ops.lerp
aten.lerp_,2,true,false,false,,not_observed_this_round,,0,lerp_scalar_;lerp_tensor_,flag_gems.ops.lerp
aten.less,2,true,true,false,,not_observed_this_round,,0,lt;lt_scalar,flag_gems.ops.lt
aten.less_,2,true,false,false,,not_observed_this_round,,0,less_;less_scalar_,flag_gems.ops.less_
aten.less_equal,2,true,false,false,,not_observed_this_round,,0,less_equal;less_equal_scalar,flag_gems.ops.less_equal
aten.less_equal_,2,true,false,false,,not_observed_this_round,,0,less_equal_;less_equal_scalar_,flag_gems.ops.less_equal_
aten.lgamma,1,true,false,false,,not_observed_this_round,,0,lgamma,flag_gems.ops.lgamma_
aten.lgamma_,1,true,false,false,,not_observed_this_round,,0,lgamma_,flag_gems.ops.lgamma_
aten.lift,2,true,false,false,,not_observed_this_round,,0,lift;lift_out,flag_gems.ops.lift
aten.lift_fresh,1,true,true,false,,no_gpu_kernel_linkage,,0,lift_fresh,flag_gems.ops.lift_fresh
aten.lift_fresh_copy,1,true,false,false,,not_observed_this_round,,0,lift_fresh_copy,flag_gems.ops.lift_fresh_copy
aten.linalg_cholesky,1,true,false,false,,not_observed_this_round,,0,linalg_cholesky,flag_gems.ops.linalg_cholesky
aten.linalg_ldl_factor,1,true,false,false,,not_observed_this_round,,0,ldl_factor,flag_gems.ops.linalg_ldl_factor
aten.linalg_ldl_factor_ex,1,true,false,false,,not_observed_this_round,,0,ldl_factor_ex,flag_gems.ops.ldl_factor_ex
aten.linalg_ldl_solve,1,true,false,false,,not_observed_this_round,,0,linalg_ldl_solve,flag_gems.ops.linalg_ldl_solve
aten.linalg_lstsq,1,true,false,false,,not_observed_this_round,,0,linalg_lstsq,flag_gems.ops.linalg_lstsq
aten.linalg_lu_factor,2,true,false,false,,not_observed_this_round,,0,linalg_lu_factor;linalg_lu_factor_out,flag_gems.ops.linalg_lu_factor
aten.linalg_lu_factor_ex,2,true,false,false,,not_observed_this_round,,0,linalg_lu_factor_ex;linalg_lu_factor_ex_out,flag_gems.ops.linalg_lu_factor_ex
aten.linalg_slogdet,1,true,false,false,,not_observed_this_round,,0,linalg_slogdet,flag_gems.ops.linalg_slogdet
aten.linalg_svdvals,1,true,false,false,,not_observed_this_round,,0,linalg_svdvals,flag_gems.ops.linalg_svdvals
aten.linalg_vector_norm,1,true,false,false,,not_observed_this_round,,0,vector_norm,flag_gems.ops.vector_norm
aten.linear,1,true,true,true,true,correlated_triton_implementation; flaggems_execution_log_intersection,FlagGems（日志交集，非所有调用归因）; 尚未确认（已证实 Triton）,1,linear,flag_gems.ops.linear
aten.linear_backward,1,true,false,false,,not_observed_this_round,,0,linear_backward,flag_gems.ops.linear_backward
aten.linspace,1,true,false,false,,not_observed_this_round,,0,linspace,flag_gems.ops.linspace
aten.log,1,true,false,false,,not_observed_this_round,,0,log,flag_gems.ops.log
aten.log10,2,true,false,false,,not_observed_this_round,,0,log10;log10_out,flag_gems.ops.log10
aten.log10_,1,true,false,false,,not_observed_this_round,,0,log10_,flag_gems.ops.log10
aten.log1p,2,true,false,false,,not_observed_this_round,,0,log1p;log1p_out,flag_gems.ops.log1p
aten.log1p_,1,true,false,false,,not_observed_this_round,,0,log1p_,flag_gems.ops.log1p_
aten.log2,1,true,false,false,,not_observed_this_round,,0,log2,flag_gems.ops.log2
aten.log2_,1,true,false,false,,not_observed_this_round,,0,log2_,flag_gems.ops.log2
aten.log_,1,true,false,false,,not_observed_this_round,,0,log_,flag_gems.ops.log_
aten.log_normal_,1,true,false,false,,not_observed_this_round,,0,log_normal_,flag_gems.ops.log_normal_
aten.log_sigmoid,1,true,false,false,,not_observed_this_round,,0,log_sigmoid,flag_gems.ops.log_sigmoid
aten.log_sigmoid_forward,1,true,false,false,,not_observed_this_round,,0,log_sigmoid_forward,flag_gems.ops.log_sigmoid_forward
aten.logaddexp,2,true,false,false,,not_observed_this_round,,0,logaddexp;logaddexp_out,flag_gems.ops.logaddexp
aten.logaddexp2,2,true,false,false,,not_observed_this_round,,0,logaddexp2;logaddexp2_out,flag_gems.ops.logaddexp2
aten.logcumsumexp,2,true,false,false,,not_observed_this_round,,0,logcumsumexp;logcumsumexp_out,flag_gems.ops.logcumsumexp
aten.logical_and,1,true,false,false,,not_observed_this_round,,0,logical_and,flag_gems.ops.logical_and
aten.logical_and_,1,true,false,false,,not_observed_this_round,,0,logical_and_,flag_gems.ops.logical_and
aten.logical_not,1,true,false,false,,not_observed_this_round,,0,logical_not,flag_gems.ops.logical_not
aten.logical_not_,1,true,false,false,,not_observed_this_round,,0,logical_not_,flag_gems.ops.logical_not
aten.logical_or,1,true,false,false,,not_observed_this_round,,0,logical_or,flag_gems.ops.logical_or
aten.logical_or_,1,true,false,false,,not_observed_this_round,,0,logical_or_,flag_gems.ops.logical_or
aten.logical_xor,1,true,false,false,,not_observed_this_round,,0,logical_xor,flag_gems.ops.logical_xor
aten.logical_xor_,1,true,false,false,,not_observed_this_round,,0,logical_xor_,flag_gems.ops.logical_xor_
aten.logit,2,true,false,false,,not_observed_this_round,,0,logit;logit_out,flag_gems.ops.logit
aten.logit_,1,true,false,false,,not_observed_this_round,,0,logit_,flag_gems.ops.logit_
aten.logspace,1,true,false,false,,not_observed_this_round,,0,logspace,flag_gems.ops.logspace
aten.logsumexp,1,true,false,false,,not_observed_this_round,,0,logsumexp,flag_gems.ops.logsumexp
aten.lstm,1,true,false,false,,not_observed_this_round,,0,lstm,flag_gems.ops.lstm
aten.lt,2,true,true,false,,no_gpu_kernel_linkage,,0,lt;lt_scalar,flag_gems.ops.lt
aten.lt_,2,true,false,false,,not_observed_this_round,,0,lt_;lt_scalar_,flag_gems.ops.lt_
aten.lu_unpack,2,true,false,false,,not_observed_this_round,,0,lu_unpack;lu_unpack_out,flag_gems.ops.lu_unpack
aten.margin_ranking_loss,1,true,false,false,,not_observed_this_round,,0,margin_ranking_loss,flag_gems.ops.margin_ranking_loss
aten.masked_fill,2,true,false,false,,not_observed_this_round,,0,masked_fill,flag_gems.ops.masked_fill
aten.masked_fill_,2,true,true,true,true,correlated_triton_implementation; flaggems_execution_log_intersection,FlagGems（日志交集，非所有调用归因）; 尚未确认（已证实 Triton）,1,masked_fill_,flag_gems.ops.masked_fill
aten.masked_scatter,1,true,false,false,,not_observed_this_round,,0,masked_scatter,flag_gems.ops.masked_scatter
aten.masked_scatter_,1,true,false,false,,not_observed_this_round,,0,masked_scatter_,flag_gems.ops.masked_scatter
aten.masked_select,1,true,false,false,,not_observed_this_round,,0,masked_select,flag_gems.ops.masked_select
aten.matmuladd,1,true,false,false,,not_observed_this_round,,0,matmuladd,flag_gems.fused.matmuladd
aten.max,2,true,false,false,,no_gpu_kernel_linkage,,0,max;max_dim,flag_gems.ops.max
aten.max_pool2d_backward,1,true,false,false,,not_observed_this_round,,0,max_pool2d_backward,flag_gems.ops.max_pool2d_with_indices
aten.max_pool2d_with_indices,1,true,false,false,,not_observed_this_round,,0,max_pool2d_with_indices,flag_gems.ops.max_pool2d_with_indices
aten.max_pool2d_with_indices_backward,1,true,false,false,,not_observed_this_round,,0,max_pool2d_with_indices_backward,flag_gems.ops.max_pool2d_with_indices
aten.max_pool3d_backward,1,true,false,false,,not_observed_this_round,,0,max_pool3d_backward,flag_gems.ops.max_pool3d_with_indices
aten.max_pool3d_with_indices,1,true,false,false,,not_observed_this_round,,0,max_pool3d_with_indices,flag_gems.ops.max_pool3d_with_indices
aten.max_unpool2d,1,true,false,false,,not_observed_this_round,,0,max_unpool2d,flag_gems.ops.max_unpool2d
aten.max_unpool3d,1,true,false,false,,not_observed_this_round,,0,max_unpool3d,flag_gems.ops.max_unpool3d
aten.maximum,1,true,false,false,,not_observed_this_round,,0,maximum,flag_gems.ops.maximum
aten.mean,2,true,false,false,,not_observed_this_round,,0,mean;mean_dim,flag_gems.ops.mean
aten.median,4,true,false,false,,not_observed_this_round,,0,median;median_dim;median_dim_values;median_out,flag_gems.ops.median
aten.min,2,true,false,false,,no_gpu_kernel_linkage,,0,min;min_dim,flag_gems.ops.min
aten.minimum,1,true,false,false,,not_observed_this_round,,0,minimum,flag_gems.ops.minimum
aten.miopen_batch_norm_backward,1,true,false,false,,not_observed_this_round,,0,miopen_batch_norm_backward,flag_gems.ops.miopen_batch_norm_backward
aten.mish,1,true,false,false,,not_observed_this_round,,0,mish,flag_gems.ops.mish
aten.mish_,1,true,false,false,,not_observed_this_round,,0,mish_,flag_gems.ops.mish
aten.mish_backward,1,true,false,false,,not_observed_this_round,,0,mish_backward,flag_gems.ops.mish_backward
aten.mm,2,true,false,true,false,按本次 Gems + Triton 口径未确认覆盖,尚未确认,4,mm;mm_out,flag_gems.ops.mm
aten.mode,1,true,false,false,,not_observed_this_round,,0,mode,flag_gems.ops.mode
aten.mse_loss,1,true,false,false,,not_observed_this_round,,0,mse_loss,flag_gems.ops.mse_loss
aten.mse_loss_backward,1,true,false,false,,not_observed_this_round,,0,mse_loss_backward,flag_gems.ops.mse_loss_backward
aten.mul,1,true,true,true,true,correlated_triton_implementation; flaggems_execution_log_intersection,FlagGems（日志交集，非所有调用归因）; 尚未确认（已证实 Triton）,2,mul,flag_gems.ops.mul
aten.mul_,1,true,true,true,true,correlated_triton_implementation; flaggems_execution_log_intersection,FlagGems（日志交集，非所有调用归因）; 尚未确认（已证实 Triton）,1,mul_,flag_gems.ops.mul
aten.multinomial,1,true,false,false,,not_observed_this_round,,0,multinomial,flag_gems.ops.multinomial
aten.multiply_,3,true,false,false,,not_observed_this_round,,0,multiply_,flag_gems.ops.multiply_
aten.mv,1,true,false,false,,not_observed_this_round,,0,mv,flag_gems.ops.mv
aten.mvlgamma_,1,true,false,false,,not_observed_this_round,,0,mvlgamma_,flag_gems.ops.mvlgamma_
aten.nan_to_num,1,true,false,false,,not_observed_this_round,,0,nan_to_num,flag_gems.ops.nan_to_num
aten.nanmedian,4,true,false,false,,not_observed_this_round,,0,nanmedian;nanmedian_dim;nanmedian_dim_values;nanmedian_out,flag_gems.ops.nanmedian
aten.nansum,2,true,false,false,,not_observed_this_round,,0,nansum;nansum_out,flag_gems.ops.nansum
aten.narrow,1,true,true,false,,no_gpu_kernel_linkage,,0,narrow,flag_gems.ops.narrow
aten.narrow_copy,1,true,false,false,,not_observed_this_round,,0,narrow_copy,flag_gems.ops.narrow_copy
aten.native_batch_norm,1,true,false,false,,not_observed_this_round,,0,batch_norm,flag_gems.ops.batch_norm
aten.native_batch_norm_backward,1,true,false,false,,not_observed_this_round,,0,batch_norm_backward,flag_gems.ops.batch_norm
aten.native_dropout,1,true,false,false,,not_observed_this_round,,0,dropout,flag_gems.ops.dropout
aten.native_dropout_backward,1,true,false,false,,not_observed_this_round,,0,dropout_backward,flag_gems.ops.dropout
aten.native_group_norm,1,true,false,false,,not_observed_this_round,,0,group_norm,flag_gems.ops.groupnorm
aten.native_group_norm_backward,1,true,false,false,,not_observed_this_round,,0,group_norm_backward,flag_gems.ops.groupnorm
aten.native_layer_norm,1,true,false,false,,not_observed_this_round,,0,native_layer_norm,flag_gems.ops.native_layer_norm
aten.native_layer_norm_backward,1,true,false,false,,not_observed_this_round,,0,layer_norm_backward,flag_gems.ops.layernorm
aten.ne,2,true,true,false,,not_observed_this_round,,0,ne;ne_scalar,flag_gems.ops.ne
aten.neg,1,true,false,false,,not_observed_this_round,,0,neg,flag_gems.ops.neg
aten.neg_,1,true,false,false,,not_observed_this_round,,0,neg_,flag_gems.ops.neg
aten.negative,1,true,false,false,,not_observed_this_round,,0,negative,flag_gems.ops.negative
aten.new_full,1,true,false,false,,not_observed_this_round,,0,new_full,flag_gems.ops.new_full
aten.new_ones,1,true,false,false,,not_observed_this_round,,0,new_ones,flag_gems.ops.new_ones
aten.nextafter,1,true,false,false,,not_observed_this_round,,0,nextafter,flag_gems.ops.nextafter
aten.nextafter_,1,true,false,false,,not_observed_this_round,,0,nextafter_,flag_gems.ops.nextafter
aten.nll_loss2d_backward,1,true,false,false,,not_observed_this_round,,0,nll_loss2d_backward,flag_gems.ops.nllloss
aten.nll_loss2d_forward,1,true,false,false,,not_observed_this_round,,0,nll_loss2d_forward,flag_gems.ops.nllloss
aten.nll_loss_backward,1,true,false,false,,not_observed_this_round,,0,nll_loss_backward,flag_gems.ops.nllloss
aten.nll_loss_forward,1,true,false,false,,not_observed_this_round,,0,nll_loss_forward,flag_gems.ops.nllloss
aten.nll_loss_nd_backward,1,true,false,false,,not_observed_this_round,,0,nll_loss_nd_backward,flag_gems.ops.nll_loss_nd
aten.nll_loss_nd_forward,1,true,false,false,,not_observed_this_round,,0,nll_loss_nd_forward,flag_gems.ops.nll_loss_nd
aten.nonzero,1,true,true,false,,not_observed_this_round,,0,nonzero,flag_gems.ops.nonzero
aten.nonzero_numpy,1,true,true,false,,not_observed_this_round,,0,nonzero_numpy,flag_gems.ops.nonzero_numpy
aten.nonzero_static,2,true,false,false,,not_observed_this_round,,0,nonzero_static;nonzero_static_out,flag_gems.ops.nonzero_static
aten.norm,3,true,false,false,,not_observed_this_round,,0,norm;norm_scalar;norm_scalaropt_dim,flag_gems.ops.norm
aten.normal,3,true,false,false,,not_observed_this_round,,0,normal_float_tensor;normal_tensor_float;normal_tensor_tensor,flag_gems.ops.normal
aten.normal_,1,true,false,false,,not_observed_this_round,,0,normal_,flag_gems.ops.normal
aten.normed_cumsum,1,true,false,false,,not_observed_this_round,,0,normed_cumsum,flag_gems.ops.cumsum
aten.not_equal,2,true,false,false,,not_observed_this_round,,0,not_equal;not_equal_scalar,flag_gems.ops.not_equal
aten.one_hot,1,true,false,false,,not_observed_this_round,,0,one_hot,flag_gems.ops.one_hot
aten.ones,1,true,true,false,,not_observed_this_round,,0,ones,flag_gems.ops.ones
aten.ones_like,1,true,false,false,,not_observed_this_round,,0,ones_like,flag_gems.ops.ones_like
aten.pad,1,true,false,false,,not_observed_this_round,,0,pad,flag_gems.ops.pad
aten.pairwise_distance,1,true,false,false,,not_observed_this_round,,0,pairwise_distance,flag_gems.ops.pairwise_distance
aten.pdist,1,true,false,false,,not_observed_this_round,,0,pdist,flag_gems.ops.pdist
aten.permute_copy,1,true,false,false,,not_observed_this_round,,0,permute_copy,flag_gems.ops.permute_copy
aten.pixel_shuffle,1,true,false,false,,not_observed_this_round,,0,pixel_shuffle,flag_gems.ops.pixel_shuffle
aten.pixel_unshuffle,2,true,false,false,,not_observed_this_round,,0,pixel_unshuffle;pixel_unshuffle_out,flag_gems.ops.pixel_unshuffle
aten.poisson,1,true,false,false,,not_observed_this_round,,0,poisson,flag_gems.ops.poisson
aten.polar,1,true,false,false,,not_observed_this_round,,0,polar,flag_gems.ops.polar
aten.polygamma,2,true,false,false,,not_observed_this_round,,0,polygamma;polygamma_out,flag_gems.ops.polygamma
aten.polygamma_,1,true,false,false,,not_observed_this_round,,0,polygamma_,flag_gems.ops.polygamma
aten.pow,3,true,true,false,,not_observed_this_round,,0,pow_scalar;pow_tensor_scalar;pow_tensor_tensor,flag_gems.ops.pow
aten.pow_,2,true,false,false,,not_observed_this_round,,0,pow_tensor_scalar_;pow_tensor_tensor_,flag_gems.ops.pow
aten.prelu,1,true,false,false,,not_observed_this_round,,0,prelu,flag_gems.ops.prelu
aten.prod,2,true,false,false,,not_observed_this_round,,0,prod;prod_dim,flag_gems.ops.prod
aten.quantile,1,true,false,false,,not_observed_this_round,,0,quantile,flag_gems.ops.quantile
aten.rad2deg,1,true,false,false,,not_observed_this_round,,0,rad2deg,flag_gems.ops.rad2deg
aten.rad2deg_,1,true,false,false,,not_observed_this_round,,0,rad2deg_,flag_gems.ops.rad2deg
aten.rand,1,true,false,false,,not_observed_this_round,,0,rand,flag_gems.ops.rand
aten.rand_like,1,true,true,false,,not_observed_this_round,,0,rand_like,flag_gems.ops.rand_like
aten.randint,1,true,false,false,,not_observed_this_round,,0,randint,flag_gems.ops.randint
aten.randint_like,1,true,false,false,,not_observed_this_round,,0,randint_like,flag_gems.ops.randint_like
aten.randn,1,true,false,false,,not_observed_this_round,,0,randn,flag_gems.ops.randn
aten.randn_like,1,true,false,false,,not_observed_this_round,,0,randn_like,flag_gems.ops.randn_like
aten.randperm,1,true,false,false,,not_observed_this_round,,0,randperm,flag_gems.ops.randperm
aten.range,1,true,false,false,,not_observed_this_round,,0,range,flag_gems.ops.range
aten.reciprocal,1,true,true,false,,not_observed_this_round,,0,reciprocal,flag_gems.ops.reciprocal
aten.reciprocal_,1,true,false,false,,not_observed_this_round,,0,reciprocal_,flag_gems.ops.reciprocal
aten.reflection_pad1d,2,true,false,false,,not_observed_this_round,,0,reflection_pad1d;reflection_pad1d_out,flag_gems.ops.reflection_pad1d
aten.reflection_pad1d_backward,1,true,false,false,,not_observed_this_round,,0,reflection_pad1d_backward,flag_gems.ops.reflection_pad1d_backward
aten.reflection_pad2d,2,true,false,false,,not_observed_this_round,,0,reflection_pad2d;reflection_pad2d_out,flag_gems.ops.reflection_pad2d
aten.reflection_pad2d_backward,1,true,false,false,,not_observed_this_round,,0,reflection_pad2d_backward,flag_gems.ops.reflection_pad2d_backward
aten.reflection_pad3d,2,true,false,false,,not_observed_this_round,,0,reflection_pad3d,flag_gems.ops.reflection_pad3d
aten.reflection_pad3d_backward,1,true,false,false,,not_observed_this_round,,0,reflection_pad3d_backward,flag_gems.ops.reflection_pad3d_backward
aten.relu,1,true,false,false,,not_observed_this_round,,0,relu,flag_gems.ops.relu
aten.relu6,1,true,false,false,,not_observed_this_round,,0,relu6,flag_gems.ops.relu6
aten.relu_,1,true,false,false,,not_observed_this_round,,0,relu_,flag_gems.ops.relu
aten.remainder,4,true,false,false,,not_observed_this_round,,0,remainder,flag_gems.ops.remainder
aten.remainder_,2,true,false,false,,not_observed_this_round,,0,remainder_,flag_gems.ops.remainder
aten.renorm,1,true,false,false,,not_observed_this_round,,0,renorm,flag_gems.ops.renorm
aten.renorm_,1,true,false,false,,not_observed_this_round,,0,renorm_,flag_gems.ops.renorm_
aten.repeat,1,true,true,true,true,correlated_triton_implementation; flaggems_execution_log_intersection,FlagGems（日志交集，非所有调用归因）; 尚未确认（已证实 Triton）,1,repeat,flag_gems.ops.repeat
aten.repeat_interleave,3,true,false,false,,no_gpu_kernel_linkage,,0,repeat_interleave_self_int;repeat_interleave_self_tensor;repeat_interleave_tensor,flag_gems.ops.repeat_interleave
aten.replication_pad1d,2,true,false,false,,not_observed_this_round,,0,replication_pad1d;replication_pad1d_out,flag_gems.ops.replication_pad1d
aten.replication_pad2d,2,true,false,false,,not_observed_this_round,,0,replication_pad2d;replication_pad2d_out,flag_gems.ops.replication_pad2d
aten.replication_pad3d,1,true,false,false,,not_observed_this_round,,0,replication_pad3d,flag_gems.ops.replication_pad3d
aten.replication_pad3d_backward,1,true,false,false,,not_observed_this_round,,0,replication_pad3d_backward,flag_gems.ops.replication_pad3d_backward
aten.resize,1,true,false,false,,not_observed_this_round,,0,resize,flag_gems.ops.resize
aten.resize_,1,true,true,false,,no_gpu_kernel_linkage,,0,resize_,flag_gems.ops.resize
aten.resize_as,1,true,false,false,,not_observed_this_round,,0,resize_as,flag_gems.ops.resize_as
aten.resize_as_,1,true,false,false,,not_observed_this_round,,0,resize_as_,flag_gems.ops.resize_as
aten.resolve_conj,1,true,false,false,,no_gpu_kernel_linkage,,0,resolve_conj,flag_gems.ops.resolve_conj
aten.resolve_neg,1,true,false,false,,no_gpu_kernel_linkage,,0,resolve_neg,flag_gems.ops.resolve_neg
aten.rms_norm,1,true,false,false,,not_observed_this_round,,0,rms_norm,flag_gems.ops.rms_norm
aten.rnn_relu,1,true,false,false,,not_observed_this_round,,0,rnn_relu,flag_gems.ops.rnn_relu
aten.roll,1,true,false,false,,not_observed_this_round,,0,roll,flag_gems.ops.roll
aten.rot90,1,true,false,false,,not_observed_this_round,,0,rot90,flag_gems.ops.rot90
aten.round,2,true,false,false,,not_observed_this_round,,0,round;round_out,flag_gems.ops.round
aten.round_,1,true,false,false,,not_observed_this_round,,0,round_,flag_gems.ops.round
aten.rrelu_with_noise_backward,1,true,false,false,,not_observed_this_round,,0,rrelu_with_noise_backward,flag_gems.ops.rrelu_with_noise_backward
aten.rrelu_with_noise_functional,1,true,false,false,,not_observed_this_round,,0,rrelu_with_noise_functional,flag_gems.ops.rrelu_with_noise_functional
aten.rsqrt,1,true,false,false,,not_observed_this_round,,0,rsqrt,flag_gems.ops.rsqrt
aten.rsqrt_,1,true,false,false,,not_observed_this_round,,0,rsqrt_,flag_gems.ops.rsqrt
aten.rsub,2,true,true,false,,not_observed_this_round,,0,rsub_scalar;rsub_tensor,flag_gems.ops.rsub
aten.scalar_tensor,1,true,true,false,,not_observed_this_round,,0,scalar_tensor,flag_gems.ops.scalar_tensor
aten.scaled_softmax_backward,1,true,false,false,,not_observed_this_round,,0,scaled_softmax_backward,flag_gems.ops.scaled_softmax
aten.scaled_softmax_forward,1,true,false,false,,not_observed_this_round,,0,scaled_softmax_forward,flag_gems.ops.scaled_softmax
aten.scatter,2,true,false,false,,not_observed_this_round,,0,scatter,flag_gems.ops.scatter
aten.scatter_,2,true,true,false,,not_observed_this_round,,0,scatter_,flag_gems.ops.scatter
aten.scatter_add,1,true,false,false,,not_observed_this_round,,0,scatter_add,flag_gems.ops.scatter_add
aten.scatter_add_,1,true,false,false,,not_observed_this_round,,0,scatter_add_,flag_gems.ops.scatter_add
aten.scatter_reduce,2,true,false,false,,not_observed_this_round,,0,scatter_reduce;scatter_reduce_out,flag_gems.ops.scatter_reduce
aten.scatter_reduce_,1,true,false,false,,not_observed_this_round,,0,scatter_reduce_,flag_gems.ops.scatter_reduce
aten.searchsorted,4,true,false,false,,not_observed_this_round,,0,searchsorted;searchsorted_out;searchsorted_scalar;searchsorted_scalar_out,flag_gems.ops.searchsorted
aten.segment_reduce,2,true,false,false,,not_observed_this_round,,0,segment_reduce;segment_reduce_out,flag_gems.ops.segment_reduce
aten.select_backward,1,true,false,false,,not_observed_this_round,,0,select_backward,flag_gems.ops.select_backward
aten.select_scatter,1,true,false,false,,not_observed_this_round,,0,select_scatter,flag_gems.ops.select_scatter
aten.selu,1,true,false,false,,not_observed_this_round,,0,selu,flag_gems.ops.selu
aten.selu_,1,true,false,false,,not_observed_this_round,,0,selu_,flag_gems.ops.selu_
aten.sgn,2,true,false,false,,not_observed_this_round,,0,sgn;sgn_out,flag_gems.ops.sgn
aten.sgn_,1,true,false,false,,not_observed_this_round,,0,sgn_,flag_gems.ops.sgn_
aten.sigmoid,1,true,true,true,true,correlated_triton_implementation; flaggems_execution_log_intersection,FlagGems（日志交集，非所有调用归因）; 尚未确认（已证实 Triton）,1,sigmoid,flag_gems.ops.sigmoid
aten.sigmoid_,1,true,false,false,,not_observed_this_round,,0,sigmoid_,flag_gems.ops.sigmoid
aten.sigmoid_backward,1,true,false,false,,not_observed_this_round,,0,sigmoid_backward,flag_gems.ops.sigmoid
aten.sign,2,true,false,false,,not_observed_this_round,,0,sign;sign_out,flag_gems.ops.sign
aten.signbit,2,true,false,false,,not_observed_this_round,,0,signbit;signbit_out,flag_gems.ops.signbit
aten.silu,1,true,false,false,,not_observed_this_round,,0,silu,flag_gems.ops.silu
aten.silu_,1,true,false,false,,not_observed_this_round,,0,silu_,flag_gems.ops.silu
aten.silu_backward,1,true,false,false,,not_observed_this_round,,0,silu_backward,flag_gems.ops.silu
aten.sin,1,true,true,false,,not_observed_this_round,,0,sin,flag_gems.ops.sin
aten.sin_,1,true,false,false,,not_observed_this_round,,0,sin_,flag_gems.ops.sin
aten.sinc,1,true,false,false,,not_observed_this_round,,0,sinc,flag_gems.ops.sinc
aten.sinc_,1,true,false,false,,not_observed_this_round,,0,sinc_,flag_gems.ops.sinc
aten.sinh,1,true,false,false,,not_observed_this_round,,0,sinh,flag_gems.ops.sinh
aten.sinh_,1,true,false,false,,not_observed_this_round,,0,sinh_,flag_gems.ops.sinh
aten.slice_backward,1,true,false,false,,not_observed_this_round,,0,slice_backward,flag_gems.ops.slice_backward
aten.slice_scatter,1,true,false,false,,not_observed_this_round,,0,slice_scatter,flag_gems.ops.slice_scatter
aten.smooth_l1_loss,2,true,false,false,,not_observed_this_round,,0,smooth_l1_loss;smooth_l1_loss_out,flag_gems.ops.smooth_l1_loss
aten.smooth_l1_loss_backward,1,true,false,false,,not_observed_this_round,,0,smooth_l1_loss_backward,flag_gems.ops.smooth_l1_loss
aten.soft_margin_loss,1,true,false,false,,not_observed_this_round,,0,soft_margin_loss,flag_gems.ops.soft_margin_loss
aten.soft_margin_loss_backward,1,true,false,false,,not_observed_this_round,,0,soft_margin_loss_backward,flag_gems.ops.soft_margin_loss_backward
aten.softplus,1,true,true,true,true,correlated_triton_implementation; flaggems_execution_log_intersection,FlagGems（日志交集，非所有调用归因）; 尚未确认（已证实 Triton）,1,softplus,flag_gems.ops.softplus
aten.softplus_backward,1,true,false,false,,not_observed_this_round,,0,softplus_backward,flag_gems.ops.softplus
aten.softshrink,2,true,false,false,,not_observed_this_round,,0,softshrink;softshrink_out,flag_gems.ops.softshrink
aten.sort,2,true,false,false,,not_observed_this_round,,0,sort;sort_stable,flag_gems.ops.sort
aten.special_airy_ai,2,true,false,false,,not_observed_this_round,,0,special_airy_ai;special_airy_ai_out,flag_gems.ops.special_airy_ai
aten.special_bessel_j0,1,true,false,false,,not_observed_this_round,,0,special_bessel_j0,flag_gems.ops.special_bessel_j0
aten.special_bessel_j1,1,true,false,false,,not_observed_this_round,,0,special_bessel_j1,flag_gems.ops.special_bessel_j1
aten.special_chebyshev_polynomial_u,2,true,false,false,,not_observed_this_round,,0,special_chebyshev_polynomial_u,flag_gems.ops.special_chebyshev_polynomial_u
aten.special_chebyshev_polynomial_v,1,true,false,false,,not_observed_this_round,,0,special_chebyshev_polynomial_v,flag_gems.ops.special_chebyshev_polynomial_v
aten.special_chebyshev_polynomial_w,1,true,false,false,,not_observed_this_round,,0,special_chebyshev_polynomial_w,flag_gems.ops.special_chebyshev_polynomial_w
aten.special_chebyshev_polynomial_w_out,1,true,false,false,,not_observed_this_round,,0,special_chebyshev_polynomial_w_out,flag_gems.ops.special_chebyshev_polynomial_w
aten.special_digamma,1,true,false,false,,not_observed_this_round,,0,special_digamma,flag_gems.ops.special_digamma
aten.special_erfcx,1,true,false,false,,not_observed_this_round,,0,special_erfcx,flag_gems.ops.special_erfcx
aten.special_erfinv,2,true,false,false,,not_observed_this_round,,0,special_erfinv;special_erfinv_out,flag_gems.ops.special_erfinv
aten.special_erfinv_,1,true,false,false,,not_observed_this_round,,0,special_erfinv_,flag_gems.ops.special_erfinv
aten.special_gammainc,1,true,false,false,,not_observed_this_round,,0,special_gammainc,flag_gems.ops.special_gammainc
aten.special_gammaln,2,true,false,false,,not_observed_this_round,,0,special_gammaln;special_gammaln_out,flag_gems.ops.special_gammaln
aten.special_hermite_polynomial_h,1,true,false,false,,not_observed_this_round,,0,special_hermite_polynomial_h,flag_gems.ops.special_hermite_polynomial_h
aten.special_i0e,1,true,false,false,,not_observed_this_round,,0,special_i0e,flag_gems.ops.special_i0e
aten.special_i0e_out,1,true,false,false,,not_observed_this_round,,0,special_i0e_out,flag_gems.ops.special_i0e
aten.special_i1,1,true,false,false,,not_observed_this_round,,0,special_i1,flag_gems.ops.special_i1
aten.special_i1_out,1,true,false,false,,not_observed_this_round,,0,special_i1_out,flag_gems.ops.special_i1
aten.special_i1e,1,true,false,false,,not_observed_this_round,,0,special_i1e,flag_gems.ops.special_i1e
aten.special_legendre_polynomial_p,1,true,false,false,,not_observed_this_round,,0,special_legendre_polynomial_p,flag_gems.ops.special_legendre_polynomial_p
aten.special_log1p,2,true,false,false,,not_observed_this_round,,0,special_log1p;special_log1p_out,flag_gems.ops.special_log1p
aten.special_log_softmax,1,true,false,false,,not_observed_this_round,,0,special_log_softmax,flag_gems.ops.special_log_softmax
aten.special_logsumexp,1,true,false,false,,not_observed_this_round,,0,special_logsumexp,flag_gems.ops.special_logsumexp
aten.special_modified_bessel_k0,2,true,false,false,,not_observed_this_round,,0,special_modified_bessel_k0;special_modified_bessel_k0_out,flag_gems.ops.special_modified_bessel_k0
aten.special_modified_bessel_k1,2,true,false,false,,not_observed_this_round,,0,special_modified_bessel_k1;special_modified_bessel_k1_out,flag_gems.ops.special_modified_bessel_k1
aten.special_round,2,true,false,false,,not_observed_this_round,,0,special_round;special_round_out,flag_gems.ops.special_round
aten.special_scaled_modified_bessel_k1,2,true,false,false,,not_observed_this_round,,0,special_scaled_modified_bessel_k1;special_scaled_modified_bessel_k1_out,flag_gems.ops.special_scaled_modified_bessel_k1
aten.special_shifted_chebyshev_polynomial_u,1,true,false,false,,not_observed_this_round,,0,special_shifted_chebyshev_polynomial_u,flag_gems.ops.special_shifted_chebyshev_polynomial_u
aten.special_shifted_chebyshev_polynomial_u_,1,true,false,false,,not_observed_this_round,,0,special_shifted_chebyshev_polynomial_u_,flag_gems.ops.special_shifted_chebyshev_polynomial_u
aten.special_shifted_chebyshev_polynomial_v,1,true,false,false,,not_observed_this_round,,0,special_shifted_chebyshev_polynomial_v,flag_gems.ops.special_shifted_chebyshev_polynomial_v
aten.special_shifted_chebyshev_polynomial_w,1,true,false,false,,not_observed_this_round,,0,special_shifted_chebyshev_polynomial_w,flag_gems.ops.special_shifted_chebyshev_polynomial_w
aten.special_sinc,1,true,false,false,,not_observed_this_round,,0,special_sinc,flag_gems.ops.special_sinc
aten.special_xlog1py,1,true,false,false,,not_observed_this_round,,0,special_xlog1py,flag_gems.ops.special_xlog1py
aten.split_with_sizes_copy,1,true,false,false,,not_observed_this_round,,0,split_with_sizes_copy,flag_gems.ops.split_with_sizes_copy
aten.sqrt,1,true,true,true,true,correlated_triton_implementation; flaggems_execution_log_intersection,FlagGems（日志交集，非所有调用归因）; 尚未确认（已证实 Triton）,1,sqrt,flag_gems.ops.sqrt
aten.sqrt_,1,true,false,false,,not_observed_this_round,,0,sqrt_,flag_gems.ops.sqrt
aten.square,2,true,false,false,,not_observed_this_round,,0,square;square_out,flag_gems.ops.square
aten.square_,1,true,false,false,,not_observed_this_round,,0,square_,flag_gems.ops.square
aten.squeeze_copy,1,true,false,false,,not_observed_this_round,,0,squeeze_copy,flag_gems.ops.squeeze_copy
aten.stack,1,true,false,false,,not_observed_this_round,,0,stack,flag_gems.ops.stack
aten.std,1,true,false,false,,not_observed_this_round,,0,std,flag_gems.ops.std
aten.sub,1,true,true,true,true,correlated_triton_implementation; flaggems_execution_log_intersection,FlagGems（日志交集，非所有调用归因）; 尚未确认; 尚未确认（已证实 Triton）,2,sub,flag_gems.ops.sub
aten.sub_,1,true,false,false,,not_observed_this_round,,0,sub_,flag_gems.ops.sub
aten.subtract,1,true,false,false,,not_observed_this_round,,0,subtract,flag_gems.ops.subtract_
aten.subtract_,1,true,false,false,,not_observed_this_round,,0,subtract_,flag_gems.ops.subtract_
aten.sum,4,true,true,true,true,correlated_triton_implementation; flaggems_execution_log_intersection,FlagGems（日志交集，非所有调用归因）; 尚未确认（已证实 Triton）,1,sum;sum_dim;sum_dim_out;sum_out,flag_gems.ops.sum
aten.svd,1,true,false,false,,not_observed_this_round,,0,svd,flag_gems.ops.svd
aten.sym_storage_offset,1,true,false,false,,not_observed_this_round,,0,sym_storage_offset,flag_gems.ops.sym_storage_offset
aten.sym_stride,1,true,false,false,,not_observed_this_round,,0,sym_stride,flag_gems.ops.sym_stride
aten.t_copy,2,true,false,false,,not_observed_this_round,,0,t_copy;t_copy_out,flag_gems.ops.t_copy
aten.take,2,true,false,false,,not_observed_this_round,,0,take;take_out,flag_gems.ops.take
aten.tan,1,true,false,false,,not_observed_this_round,,0,tan,flag_gems.ops.tan
aten.tan_,1,true,false,false,,not_observed_this_round,,0,tan_,flag_gems.ops.tan
aten.tanh,1,true,false,false,,not_observed_this_round,,0,tanh,flag_gems.ops.tanh
aten.tanh_,1,true,false,false,,not_observed_this_round,,0,tanh_,flag_gems.ops.tanh
aten.tanh_backward,1,true,false,false,,not_observed_this_round,,0,tanh_backward,flag_gems.ops.tanh
aten.tensor_split,1,true,false,false,,not_observed_this_round,,0,tensor_split,flag_gems.ops.tensor_split
aten.threshold,1,true,false,false,,not_observed_this_round,,0,threshold,flag_gems.ops.threshold
aten.threshold_,1,true,false,false,,not_observed_this_round,,0,threshold_,flag_gems.ops.threshold_
aten.threshold_backward,1,true,false,false,,not_observed_this_round,,0,threshold_backward,flag_gems.ops.threshold
aten.tile,1,true,false,false,,not_observed_this_round,,0,tile,flag_gems.ops.tile
aten.topk,1,true,true,true,true,correlated_triton_implementation; flaggems_execution_log_intersection,FlagGems（日志交集，非所有调用归因）; 尚未确认（已证实 Triton）,1,topk,flag_gems.ops.topk
aten.trace,1,true,false,false,,not_observed_this_round,,0,trace,flag_gems.ops.trace
aten.transpose,1,true,true,false,,no_gpu_kernel_linkage,,0,transpose,flag_gems.ops.transpose
aten.tril,2,true,false,false,,not_observed_this_round,,0,tril;tril_out,flag_gems.ops.tril
aten.tril_,1,true,false,false,,not_observed_this_round,,0,tril_,flag_gems.ops.tril
aten.triu,1,true,false,false,,not_observed_this_round,,0,triu,flag_gems.ops.triu
aten.triu_,1,true,false,false,,not_observed_this_round,,0,triu_,flag_gems.ops.triu
aten.true_divide,3,true,true,false,,not_observed_this_round,,0,true_divide;true_divide_out,flag_gems.ops.div
aten.true_divide_,2,true,true,false,,not_observed_this_round,,0,true_divide_,flag_gems.ops.div
aten.trunc,1,true,false,false,,not_observed_this_round,,0,trunc,flag_gems.ops.trunc_
aten.trunc_,1,true,false,false,,not_observed_this_round,,0,trunc_,flag_gems.ops.trunc_
aten.unbind,1,true,true,false,,not_observed_this_round,,0,unbind,flag_gems.ops.unbind
aten.unbind_copy,1,true,false,false,,not_observed_this_round,,0,unbind_copy,flag_gems.ops.unbind_copy
aten.unfold,1,true,false,false,,not_observed_this_round,,0,unfold,flag_gems.ops.unfold
aten.unfold_backward,1,true,false,false,,not_observed_this_round,,0,unfold_backward,flag_gems.ops.unfold_backward
aten.unfold_copy,1,true,false,false,,not_observed_this_round,,0,unfold_copy,flag_gems.ops.unfold_copy
aten.uniform_,1,true,false,false,,not_observed_this_round,,0,uniform_,flag_gems.ops.uniform
aten.unique_consecutive,1,true,false,false,,not_observed_this_round,,0,unique_consecutive,flag_gems.ops.unique_consecutive
aten.unique_dim,1,true,false,false,,not_observed_this_round,,0,unique_dim,flag_gems.ops.unique_dim
aten.unsafe_chunk,1,true,false,false,,not_observed_this_round,,0,unsafe_chunk,flag_gems.ops.unsafe_chunk
aten.unsqueeze,1,true,true,false,,no_gpu_kernel_linkage,,0,unsqueeze,flag_gems.ops.unsqueeze
aten.unsqueeze_,1,true,false,false,,not_observed_this_round,,0,unsqueeze_,flag_gems.ops.unsqueeze
aten.upsample_bicubic2d,1,true,false,false,,not_observed_this_round,,0,upsample_bicubic2d,flag_gems.ops.upsample_bicubic2d
aten.upsample_linear1d,1,true,false,false,,not_observed_this_round,,0,upsample_linear1d,flag_gems.ops.upsample_linear1d
aten.upsample_linear1d_backward,1,true,false,false,,not_observed_this_round,,0,upsample_linear1d_backward,flag_gems.ops.upsample_linear1d_backward
aten.upsample_nearest1d,1,true,false,false,,not_observed_this_round,,0,upsample_nearest1d,flag_gems.ops.upsample_nearest1d
aten.upsample_nearest2d,1,true,false,false,,not_observed_this_round,,0,upsample_nearest2d,flag_gems.ops.upsample_nearest2d
aten.upsample_nearest3d,1,true,false,false,,not_observed_this_round,,0,upsample_nearest3d,flag_gems.ops.upsample_nearest3d
aten.upsample_trilinear3d,1,true,false,false,,not_observed_this_round,,0,upsample_trilinear3d,flag_gems.ops.upsample_trilinear3d
aten.var,3,true,false,false,,not_observed_this_round,,0,var;var_correction;var_dim,flag_gems.ops.var
aten.var_mean,1,true,false,false,,not_observed_this_round,,0,var_mean,flag_gems.ops.var_mean
aten.vdot,1,true,false,false,,not_observed_this_round,,0,vdot,flag_gems.ops.vdot
aten.view_copy,1,true,false,false,,not_observed_this_round,,0,view_copy,flag_gems.ops.view_copy
aten.vstack,1,true,false,false,,not_observed_this_round,,0,vstack,flag_gems.ops.vstack
aten.where,2,true,true,false,,not_observed_this_round,,0,where_self;where_self_out,flag_gems.ops.where
aten.xlogy,6,true,false,false,,not_observed_this_round,,0,xlogy;xlogy_out;xlogy_scalar_tensor;xlogy_scalar_tensor_out;xlogy_tensor_scalar;xlogy_tensor_scalar_out,flag_gems.ops.xlogy
aten.zero,2,true,false,false,,not_observed_this_round,,0,zero;zero_out,flag_gems.ops.zero
aten.zero_,1,true,true,true,true,correlated_triton_implementation; flaggems_execution_log_intersection,FlagGems（日志交集，非所有调用归因）; 尚未确认（已证实 Triton）,1,zero_,flag_gems.ops.zeros
aten.zeros,1,true,true,true,true,correlated_triton_implementation; flaggems_execution_log_intersection,FlagGems（日志交集，非所有调用归因）; 尚未确认（已证实 Triton）,1,zeros,flag_gems.ops.zeros
aten.zeros_like,1,true,false,false,,not_observed_this_round,,0,zeros_like,flag_gems.ops.zeros_like
