operator_id,operator_name,operator_kind,covered,coverage_reason,implementation_source,seen_in_graph_round,seen_in_eager_round,gpu_kernel_count,graph_calls,graph_kernel_ms,eager_calls,eager_kernel_ms,gpu_kernels
aten._softmax,aten._softmax,aten,true,correlated_triton_implementation,尚未确认（已证实 Triton）,true,false,1,26,1.174,0,0.0,softmax_kernel_inner
aten._to_copy,aten._to_copy,aten,true,correlated_triton_implementation; flaggems_execution_log_intersection,FlagGems（日志交集，非所有调用归因）; 尚未确认（已证实 Triton）,true,true,1,2444,4.119,2256,2.988,_to_copy_func_kernel_rank_1
aten.add,aten.add,aten,true,correlated_triton_implementation; flaggems_execution_log_intersection,FlagGems（日志交集，非所有调用归因）; 尚未确认（已证实 Triton）,true,true,3,4732,8.206,4368,6.807,add_func_kernel_rank_1 | add_func_kernel_rank_2 | add_func_tensor_scalar_kernel_rank_1
aten.argmax,aten.argmax,aten,true,correlated_triton_implementation; flaggems_execution_log_intersection,FlagGems（日志交集，非所有调用归因）; 尚未确认（已证实 Triton）,true,true,1,26,0.692,24,0.581,argmax_kernel_inner
aten.clamp,aten.clamp,aten,false,not_confirmed_under_gems_triton_scope,,true,true,3,4888,16.196,4512,16.178,"void at::native::elementwise_kernel<128, 4, at::native::gpu_kernel_impl_nocast<at::native::(anonymous namespace)::launch_clamp_scalar(at::TensorIteratorBase&, c10::Scalar, c10::Scalar, at::native::detail::ClampLimits)::{lambda()#1}::operator()() const::{lambda()#9}::operator()() const::{lambda(c10::BFloat16)#1}>(at::TensorIteratorBase&, at::native::(anonymous namespace)::launch_clamp_scalar(at::TensorIteratorBase&, c10::Scalar, c10::Scalar, at::native::detail::ClampLimits)::{lambda()#1}::operator()() const::{lambda()#9}::operator()() const::{lambda(c10::BFloat16)#1} const&)::{lambda(int)#1}>(int, at::native::gpu_kernel_impl_nocast<at::native::(anonymous namespace)::launch_clamp_scalar(at::TensorIteratorBase&, c10::Scalar, c10::Scalar, at::native::detail::ClampLimits)::{lambda()#1}::operator()() const::{lambda()#9}::operator()() const::{lambda(c10::BFloat16)#1}>(at::TensorIteratorBase&, at::native::(anonymous namespace)::launch_clamp_scalar(at::TensorIteratorBase&, c10::Scalar, c10::Scalar, at::native::detail::ClampLimits)::{lambda()#1}::operator()() const::{lambda()#9}::operator()() const::{lambda(c10::BFloat16)#1} const&)::{lambda(int)#1}) | void at::native::vectorized_elementwise_kernel<4, at::native::(anonymous namespace)::launch_clamp_scalar(at::TensorIteratorBase&, c10::Scalar, c10::Scalar, at::native::detail::ClampLimits)::{lambda()#1}::operator()() const::{lambda()#3}::operator()() const::{lambda(int)#1}, std::array<char*, 2ul> >(int, at::native::(anonymous namespace)::launch_clamp_scalar(at::TensorIteratorBase&, c10::Scalar, c10::Scalar, at::native::detail::ClampLimits)::{lambda()#1}::operator()() const::{lambda()#3}::operator()() const::{lambda(int)#1}, std::array<char*, 2ul>) | void at::native::vectorized_elementwise_kernel<4, at::native::(anonymous namespace)::launch_clamp_scalar(at::TensorIteratorBase&, c10::Scalar, c10::Scalar, at::native::detail::ClampLimits)::{lambda()#1}::operator()() const::{lambda()#7}::operator()() const::{lambda(float)#1}, std::array<char*, 2ul> >(int, at::native::(anonymous namespace)::launch_clamp_scalar(at::TensorIteratorBase&, c10::Scalar, c10::Scalar, at::native::detail::ClampLimits)::{lambda()#1}::operator()() const::{lambda()#7}::operator()() const::{lambda(float)#1}, std::array<char*, 2ul>)"
aten.clamp_,aten.clamp_,aten,false,not_confirmed_under_gems_triton_scope,,true,true,1,130,0.472,120,0.223,"void at::native::vectorized_elementwise_kernel<4, at::native::(anonymous namespace)::launch_clamp_scalar(at::TensorIteratorBase&, c10::Scalar, c10::Scalar, at::native::detail::ClampLimits)::{lambda()#1}::operator()() const::{lambda()#3}::operator()() const::{lambda(int)#1}, std::array<char*, 2ul> >(int, at::native::(anonymous namespace)::launch_clamp_scalar(at::TensorIteratorBase&, c10::Scalar, c10::Scalar, at::native::detail::ClampLimits)::{lambda()#1}::operator()() const::{lambda()#3}::operator()() const::{lambda(int)#1}, std::array<char*, 2ul>)"
aten.copy_,aten.copy_,aten,false,not_confirmed_under_gems_triton_scope,,true,true,2,1742,11.929,1608,5.589,"void at::native::elementwise_kernel<128, 4, at::native::gpu_kernel_impl_nocast<at::native::direct_copy_kernel_cuda(at::TensorIteratorBase&)::{lambda()#3}::operator()() const::{lambda()#12}::operator()() const::{lambda(c10::BFloat16)#1}>(at::TensorIteratorBase&, at::native::direct_copy_kernel_cuda(at::TensorIteratorBase&)::{lambda()#3}::operator()() const::{lambda()#12}::operator()() const::{lambda(c10::BFloat16)#1} const&)::{lambda(int)#1}>(int, at::native::gpu_kernel_impl_nocast<at::native::direct_copy_kernel_cuda(at::TensorIteratorBase&)::{lambda()#3}::operator()() const::{lambda()#12}::operator()() const::{lambda(c10::BFloat16)#1}>(at::TensorIteratorBase&, at::native::direct_copy_kernel_cuda(at::TensorIteratorBase&)::{lambda()#3}::operator()() const::{lambda()#12}::operator()() const::{lambda(c10::BFloat16)#1} const&)::{lambda(int)#1}) | void at::native::unrolled_elementwise_kernel<at::native::direct_copy_kernel_cuda(at::TensorIteratorBase&)::{lambda()#3}::operator()() const::{lambda()#3}::operator()() const::{lambda(int)#1}, std::array<char*, 2ul>, 4, TrivialOffsetCalculator<1, unsigned int>, TrivialOffsetCalculator<1, unsigned int>, at::native::memory::LoadWithCast<1>, at::native::memory::StoreWithCast<1> >(int, at::native::direct_copy_kernel_cuda(at::TensorIteratorBase&)::{lambda()#3}::operator()() const::{lambda()#3}::operator()() const::{lambda(int)#1}, std::array<char*, 2ul>, TrivialOffsetCalculator<1, unsigned int>, TrivialOffsetCalculator<1, unsigned int>, at::native::memory::LoadWithCast<1>, at::native::memory::StoreWithCast<1>)"
aten.div,aten.div,aten,true,correlated_triton_implementation; flaggems_execution_log_intersection,FlagGems（日志交集，非所有调用归因）; 尚未确认（已证实 Triton）,false,true,1,1612,3.326,1464,2.082,true_div_func_kernel_rank_2
aten.div_,aten.div_,aten,true,correlated_triton_implementation,尚未确认（已证实 Triton）,true,false,2,1638,3.769,1464,2.082,true_div_func_kernel_rank_1 | true_div_func_kernel_rank_2
aten.embedding,aten.embedding,aten,true,correlated_triton_implementation; flaggems_execution_log_intersection,FlagGems（日志交集，非所有调用归因）; 尚未确认（已证实 Triton）,false,true,1,26,0.078,24,0.046,embedding_kernel
aten.exponential_,aten.exponential_,aten,true,correlated_triton_implementation,尚未确认（已证实 Triton）,true,false,1,26,0.695,0,0.0,fused_exponential_kernel_f32_unroll8
aten.fill_,aten.fill_,aten,true,correlated_triton_implementation; flaggems_execution_log_intersection,FlagGems（日志交集，非所有调用归因）; 尚未确认（已证实 Triton）,true,true,1,1014,1.578,936,1.169,fill_scalar_func_kernel_rank_1
aten.floor_divide,aten.floor_divide,aten,true,correlated_triton_implementation; flaggems_execution_log_intersection,FlagGems（日志交集，非所有调用归因）; 尚未确认（已证实 Triton）,true,true,1,52,0.058,48,0.054,floor_div_func_tensor_scalar_kernel_rank_1
aten.full,aten.full,aten,true,correlated_triton_implementation; flaggems_execution_log_intersection,FlagGems（日志交集，非所有调用归因）; 尚未确认（已证实 Triton）,false,true,1,1586,1.655,1464,1.413,full_func_scalar_kernel_rank_1
aten.gather,aten.gather,aten,true,correlated_triton_implementation; flaggems_execution_log_intersection,FlagGems（日志交集，非所有调用归因）; 尚未确认（已证实 Triton）,false,true,1,1586,8.798,1464,8.212,_gather_flaggems_jit_function
aten.ge,aten.ge,aten,true,correlated_triton_implementation; flaggems_execution_log_intersection,FlagGems（日志交集，非所有调用归因）; 尚未确认（已证实 Triton）,true,true,1,52,0.055,48,0.05,ge_func_scalar_kernel_rank_1
aten.index,aten.index,aten,true,correlated_triton_implementation; flaggems_execution_log_intersection,FlagGems（日志交集，非所有调用归因）; 尚未确认（已证实 Triton）,true,true,1,52,0.105,48,0.072,_index_linearized_jit_function
aten.linear,aten.linear,aten,true,correlated_triton_implementation; flaggems_execution_log_intersection,FlagGems（日志交集，非所有调用归因）; 尚未确认（已证实 Triton）,true,true,1,2392,110.895,2208,91.84,linear_kernel
aten.masked_fill_,aten.masked_fill_,aten,true,correlated_triton_implementation; flaggems_execution_log_intersection,FlagGems（日志交集，非所有调用归因）; 尚未确认（已证实 Triton）,false,true,1,26,0.064,24,0.044,masked_fill_kernel_kernel_rank_2
aten.mm,aten.mm,aten,false,not_confirmed_under_gems_triton_scope,,false,true,4,780,3.751,2904,37.102,gemm_ktype0_aiu1_mtype1_dtypeBF16xBF16xFP32xFP32xFP32_tile16x64x16x16x128x4_layout0x1x0x0_align1x1x2x2_splitk0_fusion0_prefetch0_fp32tc0_ptrhost1_schedule0 | gemm_ktype0_aiu1_mtype1_dtypeBF16xBF16xFP32xFP32xFP32_tile16x64x16x16x256x3_layout0x1x0x0_align1x1x2x2_splitk0_fusion0_prefetch0_fp32tc0_ptrhost1_schedule0 | gemm_ktype0_aiu1_mtype1_dtypeBF16xBF16xFP32xFP32xFP32_tile32x128x32x32x64x2_layout0x1x0x0_align1x1x4x4_splitk2_fusion0_prefetch0_fp32tc0_ptrhost1_schedule0 | reduction_dtypeFP32xFP32xFP32_align4x4_fusion0_prefetch0_rtype0_ptrhost1(acrtc::ReduceKernelArgument<float>)
aten.mul,aten.mul,aten,true,correlated_triton_implementation; flaggems_execution_log_intersection,FlagGems（日志交集，非所有调用归因）; 尚未确认（已证实 Triton）,false,true,2,7930,9.465,7320,7.936,mul_kernel | mul_scalar_kernel
aten.mul_,aten.mul_,aten,true,correlated_triton_implementation; flaggems_execution_log_intersection,FlagGems（日志交集，非所有调用归因）; 尚未确认（已证实 Triton）,false,true,1,4758,5.558,4392,4.728,mul_scalar_kernel
aten.repeat,aten.repeat,aten,true,correlated_triton_implementation; flaggems_execution_log_intersection,FlagGems（日志交集，非所有调用归因）; 尚未确认（已证实 Triton）,false,true,1,26,0.791,24,0.288,_repeat_flaggems_jit_function
aten.sigmoid,aten.sigmoid,aten,true,correlated_triton_implementation; flaggems_execution_log_intersection,FlagGems（日志交集，非所有调用归因）; 尚未确认（已证实 Triton）,false,true,1,1586,2.924,1464,2.384,sigmoid_forward_kernel_rank_1
aten.softplus,aten.softplus,aten,true,correlated_triton_implementation; flaggems_execution_log_intersection,FlagGems（日志交集，非所有调用归因）; 尚未确认（已证实 Triton）,false,true,1,1586,3.289,1464,2.89,softplus_forward_kernel_rank_1
aten.sqrt,aten.sqrt,aten,true,correlated_triton_implementation; flaggems_execution_log_intersection,FlagGems（日志交集，非所有调用归因）; 尚未确认（已证实 Triton）,false,true,1,1586,3.23,1464,2.757,sqrt_func_kernel_rank_1
aten.sub,aten.sub,aten,true,correlated_triton_implementation; flaggems_execution_log_intersection,FlagGems（日志交集，非所有调用归因）; 尚未确认; 尚未确认（已证实 Triton）,true,true,2,52,0.071,48,0.068,"sub_func_tensor_scalar_kernel_rank_1 | void at::native::unrolled_elementwise_kernel<at::native::CUDAFunctor_add<int>, std::array<char*, 3ul>, 4, TrivialOffsetCalculator<2, unsigned int>, TrivialOffsetCalculator<1, unsigned int>, at::native::memory::LoadWithoutCast, at::native::memory::StoreWithoutCast>(int, at::native::CUDAFunctor_add<int>, std::array<char*, 3ul>, TrivialOffsetCalculator<2, unsigned int>, TrivialOffsetCalculator<1, unsigned int>, at::native::memory::LoadWithoutCast, at::native::memory::StoreWithoutCast)"
aten.sum,aten.sum,aten,true,correlated_triton_implementation; flaggems_execution_log_intersection,FlagGems（日志交集，非所有调用归因）; 尚未确认（已证实 Triton）,false,true,1,1586,2.211,1464,1.882,sum_dim_kernel_inner
aten.topk,aten.topk,aten,true,correlated_triton_implementation; flaggems_execution_log_intersection,FlagGems（日志交集，非所有调用归因）; 尚未确认（已证实 Triton）,false,true,1,1586,24.645,1464,21.963,topk_single_stage_kernel
aten.zero_,aten.zero_,aten,true,correlated_triton_implementation; flaggems_execution_log_intersection,FlagGems（日志交集，非所有调用归因）; 尚未确认（已证实 Triton）,true,true,1,47892,49.935,44208,37.978,zeros_kernel
aten.zeros,aten.zeros,aten,true,correlated_triton_implementation; flaggems_execution_log_intersection,FlagGems（日志交集，非所有调用归因）; 尚未确认（已证实 Triton）,false,true,1,47892,49.935,44208,37.978,zeros_kernel
kernel::_ZN7cutlass6KernelIN9deep_gemm10GemmKernelIN3aiu4gemm11threadblock13MmaMultistageINS5_10AiuLoaderAIaNS_6layout8RowMajorENS_4gemm9GemmShapeILi16ELi128ELi128EEENSB_ILi16ELi32ELi128EEENSB_ILi16ELi16ELi32EEEN5awmma8fragmentIN9mmacommon8matrix_aELi16ELi16ELi32EaNSH_9row_majorEEEEENS5_10AiuLoaderBIaNS8_11ColumnMajorESC_SD_SE_NSG_INSH_8matrix_bELi16ELi16ELi32EaNSH_9col_majorEEEEENS_8epilogue11threadblock20PrefetchTileIteratorINST_26OutputTileOptimalThreadMapINST_15OutputTileShapeILi128ELi8ELi1ELi1ELi1EEENSW_ILi1ELi2ELi1ELi1ELi2EEELi128ELi8ELi16EEENS_10bfloat16_tESC_LNSS_20PrefetchStrategyType4KindE0EEEiNS_4arch4Sm80ESC_SD_SE_Li3ENSA_4warp11MmaTensorOpISD_aS9_aSN_iS9_NS16_17MmaTensorOpPolicyINS14_3MmaISE_Li32EaS9_aSN_iS9_NS14_13OpMultiplyAddEEENS_11MatrixShapeILi1ELi1EEEEELi1ELb0EbLi1ELi1EEEaEENST_19EpilogueWithVisitorINST_27EpilogueVisitorPerRowPerColISC_Li128ENST_22PredicatedTileIteratorISZ_fLb0ELb0EEENS1J_ISZ_S10_Lb0ELb0EEEifNSS_6thread17LinearCombinationIS10_Li8EifLNS1M_9ScaleType4KindE2ELNS_15FloatRoundStyleE2EEELb0EEESC_S1F_Li1ENSS_4warp24FragmentIteratorTensorOpISD_SE_iNS_5ArrayIiLi8ELb1EEES9_Lb0EiEENS1T_20TileIteratorTensorOpISD_SE_iS9_Lb0EEENST_18SharedLoadIteratorINSZ_18CompactedThreadMapEiLi32EEENS1C_ILi0ELi4EEELi1ELi1EEENS1_9SchedulerIL8GemmType3ELj7168ESC_Lj12ELj16EEELb0EEELi512EEEvNT_6ParamsE,_ZN7cutlass6KernelIN9deep_gemm10GemmKernelIN3aiu4gemm11threadblock13MmaMultistageINS5_10AiuLoaderAIaNS_6layout8RowMajorENS_4gemm9GemmShapeILi16ELi128ELi128EEENSB_ILi16ELi32ELi128EEENSB_ILi16ELi16ELi32EEEN5awmma8fragmentIN9mmacommon8matrix_aELi16ELi16ELi32EaNSH_9row_majorEEEEENS5_10AiuLoaderBIaNS8_11ColumnMajorESC_SD_SE_NSG_INSH_8matrix_bELi16ELi16ELi32EaNSH_9col_majorEEEEENS_8epilogue11threadblock20PrefetchTileIteratorINST_26OutputTileOptimalThreadMapINST_15OutputTileShapeILi128ELi8ELi1ELi1ELi1EEENSW_ILi1ELi2ELi1ELi1ELi2EEELi128ELi8ELi16EEENS_10bfloat16_tESC_LNSS_20PrefetchStrategyType4KindE0EEEiNS_4arch4Sm80ESC_SD_SE_Li3ENSA_4warp11MmaTensorOpISD_aS9_aSN_iS9_NS16_17MmaTensorOpPolicyINS14_3MmaISE_Li32EaS9_aSN_iS9_NS14_13OpMultiplyAddEEENS_11MatrixShapeILi1ELi1EEEEELi1ELb0EbLi1ELi1EEEaEENST_19EpilogueWithVisitorINST_27EpilogueVisitorPerRowPerColISC_Li128ENST_22PredicatedTileIteratorISZ_fLb0ELb0EEENS1J_ISZ_S10_Lb0ELb0EEEifNSS_6thread17LinearCombinationIS10_Li8EifLNS1M_9ScaleType4KindE2ELNS_15FloatRoundStyleE2EEELb0EEESC_S1F_Li1ENSS_4warp24FragmentIteratorTensorOpISD_SE_iNS_5ArrayIiLi8ELb1EEES9_Lb0EiEENS1T_20TileIteratorTensorOpISD_SE_iS9_Lb0EEENST_18SharedLoadIteratorINSZ_18CompactedThreadMapEiLi32EEENS1C_ILi0ELi4EEELi1ELi1EEENS1_9SchedulerIL8GemmType3ELj7168ESC_Lj12ELj16EEELb0EEELi512EEEvNT_6ParamsE,kernel,false,not_confirmed_under_gems_triton_scope,,false,true,1,0,0.0,1464,24.6,_ZN7cutlass6KernelIN9deep_gemm10GemmKernelIN3aiu4gemm11threadblock13MmaMultistageINS5_10AiuLoaderAIaNS_6layout8RowMajorENS_4gemm9GemmShapeILi16ELi128ELi128EEENSB_ILi16ELi32ELi128EEENSB_ILi16ELi16ELi32EEEN5awmma8fragmentIN9mmacommon8matrix_aELi16ELi16ELi32EaNSH_9row_majorEEEEENS5_10AiuLoaderBIaNS8_11ColumnMajorESC_SD_SE_NSG_INSH_8matrix_bELi16ELi16ELi32EaNSH_9col_majorEEEEENS_8epilogue11threadblock20PrefetchTileIteratorINST_26OutputTileOptimalThreadMapINST_15OutputTileShapeILi128ELi8ELi1ELi1ELi1EEENSW_ILi1ELi2ELi1ELi1ELi2EEELi128ELi8ELi16EEENS_10bfloat16_tESC_LNSS_20PrefetchStrategyType4KindE0EEEiNS_4arch4Sm80ESC_SD_SE_Li3ENSA_4warp11MmaTensorOpISD_aS9_aSN_iS9_NS16_17MmaTensorOpPolicyINS14_3MmaISE_Li32EaS9_aSN_iS9_NS14_13OpMultiplyAddEEENS_11MatrixShapeILi1ELi1EEEEELi1ELb0EbLi1ELi1EEEaEENST_19EpilogueWithVisitorINST_27EpilogueVisitorPerRowPerColISC_Li128ENST_22PredicatedTileIteratorISZ_fLb0ELb0EEENS1J_ISZ_S10_Lb0ELb0EEEifNSS_6thread17LinearCombinationIS10_Li8EifLNS1M_9ScaleType4KindE2ELNS_15FloatRoundStyleE2EEELb0EEESC_S1F_Li1ENSS_4warp24FragmentIteratorTensorOpISD_SE_iNS_5ArrayIiLi8ELb1EEES9_Lb0EiEENS1T_20TileIteratorTensorOpISD_SE_iS9_Lb0EEENST_18SharedLoadIteratorINSZ_18CompactedThreadMapEiLi32EEENS1C_ILi0ELi4EEELi1ELi1EEENS1_9SchedulerIL8GemmType3ELj7168ESC_Lj12ELj16EEELb0EEELi512EEEvNT_6ParamsE
kernel::_ZN7cutlass6KernelIN9deep_gemm10GemmKernelIN3aiu4gemm11threadblock13MmaMultistageINS5_10AiuLoaderAIaNS_6layout8RowMajorENS_4gemm9GemmShapeILi16ELi128ELi256EEENSB_ILi16ELi32ELi256EEENSB_ILi16ELi16ELi32EEEN5awmma8fragmentIN9mmacommon8matrix_aELi16ELi16ELi32EaNSH_9row_majorEEEEENS5_10AiuLoaderBIaNS8_11ColumnMajorESC_SD_SE_NSG_INSH_8matrix_bELi16ELi16ELi32EaNSH_9col_majorEEEEENS_8epilogue11threadblock20PrefetchTileIteratorINST_26OutputTileOptimalThreadMapINST_15OutputTileShapeILi128ELi8ELi1ELi1ELi1EEENSW_ILi1ELi2ELi1ELi1ELi2EEELi128ELi8ELi16EEENS_10bfloat16_tESC_LNSS_20PrefetchStrategyType4KindE0EEEiNS_4arch4Sm80ESC_SD_SE_Li3ENSA_4warp11MmaTensorOpISD_aS9_aSN_iS9_NS16_17MmaTensorOpPolicyINS14_3MmaISE_Li32EaS9_aSN_iS9_NS14_13OpMultiplyAddEEENS_11MatrixShapeILi1ELi1EEEEELi1ELb0EbLi1ELi1EEEaEENST_19EpilogueWithVisitorINST_27EpilogueVisitorPerRowPerColISC_Li128ENST_22PredicatedTileIteratorISZ_fLb0ELb0EEENS1J_ISZ_S10_Lb0ELb0EEEifNSS_6thread17LinearCombinationIS10_Li8EifLNS1M_9ScaleType4KindE2ELNS_15FloatRoundStyleE2EEELb0EEESC_S1F_Li1ENSS_4warp24FragmentIteratorTensorOpISD_SE_iNS_5ArrayIiLi8ELb1EEES9_Lb0EiEENS1T_20TileIteratorTensorOpISD_SE_iS9_Lb0EEENST_18SharedLoadIteratorINSZ_18CompactedThreadMapEiLi32EEENS1C_ILi0ELi4EEELi1ELi1EEENS1_9SchedulerIL8GemmType3ELj6144ESC_Lj12ELj16EEELb0EEELi512EEEvNT_6ParamsE,_ZN7cutlass6KernelIN9deep_gemm10GemmKernelIN3aiu4gemm11threadblock13MmaMultistageINS5_10AiuLoaderAIaNS_6layout8RowMajorENS_4gemm9GemmShapeILi16ELi128ELi256EEENSB_ILi16ELi32ELi256EEENSB_ILi16ELi16ELi32EEEN5awmma8fragmentIN9mmacommon8matrix_aELi16ELi16ELi32EaNSH_9row_majorEEEEENS5_10AiuLoaderBIaNS8_11ColumnMajorESC_SD_SE_NSG_INSH_8matrix_bELi16ELi16ELi32EaNSH_9col_majorEEEEENS_8epilogue11threadblock20PrefetchTileIteratorINST_26OutputTileOptimalThreadMapINST_15OutputTileShapeILi128ELi8ELi1ELi1ELi1EEENSW_ILi1ELi2ELi1ELi1ELi2EEELi128ELi8ELi16EEENS_10bfloat16_tESC_LNSS_20PrefetchStrategyType4KindE0EEEiNS_4arch4Sm80ESC_SD_SE_Li3ENSA_4warp11MmaTensorOpISD_aS9_aSN_iS9_NS16_17MmaTensorOpPolicyINS14_3MmaISE_Li32EaS9_aSN_iS9_NS14_13OpMultiplyAddEEENS_11MatrixShapeILi1ELi1EEEEELi1ELb0EbLi1ELi1EEEaEENST_19EpilogueWithVisitorINST_27EpilogueVisitorPerRowPerColISC_Li128ENST_22PredicatedTileIteratorISZ_fLb0ELb0EEENS1J_ISZ_S10_Lb0ELb0EEEifNSS_6thread17LinearCombinationIS10_Li8EifLNS1M_9ScaleType4KindE2ELNS_15FloatRoundStyleE2EEELb0EEESC_S1F_Li1ENSS_4warp24FragmentIteratorTensorOpISD_SE_iNS_5ArrayIiLi8ELb1EEES9_Lb0EiEENS1T_20TileIteratorTensorOpISD_SE_iS9_Lb0EEENST_18SharedLoadIteratorINSZ_18CompactedThreadMapEiLi32EEENS1C_ILi0ELi4EEELi1ELi1EEENS1_9SchedulerIL8GemmType3ELj6144ESC_Lj12ELj16EEELb0EEELi512EEEvNT_6ParamsE,kernel,false,not_confirmed_under_gems_triton_scope,,false,true,1,0,0.0,1464,44.472,_ZN7cutlass6KernelIN9deep_gemm10GemmKernelIN3aiu4gemm11threadblock13MmaMultistageINS5_10AiuLoaderAIaNS_6layout8RowMajorENS_4gemm9GemmShapeILi16ELi128ELi256EEENSB_ILi16ELi32ELi256EEENSB_ILi16ELi16ELi32EEEN5awmma8fragmentIN9mmacommon8matrix_aELi16ELi16ELi32EaNSH_9row_majorEEEEENS5_10AiuLoaderBIaNS8_11ColumnMajorESC_SD_SE_NSG_INSH_8matrix_bELi16ELi16ELi32EaNSH_9col_majorEEEEENS_8epilogue11threadblock20PrefetchTileIteratorINST_26OutputTileOptimalThreadMapINST_15OutputTileShapeILi128ELi8ELi1ELi1ELi1EEENSW_ILi1ELi2ELi1ELi1ELi2EEELi128ELi8ELi16EEENS_10bfloat16_tESC_LNSS_20PrefetchStrategyType4KindE0EEEiNS_4arch4Sm80ESC_SD_SE_Li3ENSA_4warp11MmaTensorOpISD_aS9_aSN_iS9_NS16_17MmaTensorOpPolicyINS14_3MmaISE_Li32EaS9_aSN_iS9_NS14_13OpMultiplyAddEEENS_11MatrixShapeILi1ELi1EEEEELi1ELb0EbLi1ELi1EEEaEENST_19EpilogueWithVisitorINST_27EpilogueVisitorPerRowPerColISC_Li128ENST_22PredicatedTileIteratorISZ_fLb0ELb0EEENS1J_ISZ_S10_Lb0ELb0EEEifNSS_6thread17LinearCombinationIS10_Li8EifLNS1M_9ScaleType4KindE2ELNS_15FloatRoundStyleE2EEELb0EEESC_S1F_Li1ENSS_4warp24FragmentIteratorTensorOpISD_SE_iNS_5ArrayIiLi8ELb1EEES9_Lb0EiEENS1T_20TileIteratorTensorOpISD_SE_iS9_Lb0EEENST_18SharedLoadIteratorINSZ_18CompactedThreadMapEiLi32EEENS1C_ILi0ELi4EEELi1ELi1EEENS1_9SchedulerIL8GemmType3ELj6144ESC_Lj12ELj16EEELb0EEELi512EEEvNT_6ParamsE
kernel::_ZN7cutlass6KernelIN9deep_gemm10GemmKernelIN3aiu4gemm11threadblock13MmaMultistageINS5_10AiuLoaderAIaNS_6layout8RowMajorENS_4gemm9GemmShapeILi32ELi64ELi256EEENSB_ILi16ELi16ELi256EEENSB_ILi16ELi16ELi32EEEN5awmma8fragmentIN9mmacommon8matrix_aELi16ELi16ELi32EaNSH_9row_majorEEEEENS5_10AiuLoaderBIaNS8_11ColumnMajorESC_SD_SE_NSG_INSH_8matrix_bELi16ELi16ELi32EaNSH_9col_majorEEEEENS_8epilogue11threadblock20PrefetchTileIteratorINST_26OutputTileOptimalThreadMapINST_15OutputTileShapeILi64ELi8ELi2ELi1ELi1EEENSW_ILi1ELi2ELi1ELi1ELi2EEELi256ELi4ELi16EEENS_10bfloat16_tESC_LNSS_20PrefetchStrategyType4KindE0EEEiNS_4arch4Sm80ESC_SD_SE_Li3ENSA_4warp11MmaTensorOpISD_aS9_aSN_iS9_NS16_17MmaTensorOpPolicyINS14_3MmaISE_Li32EaS9_aSN_iS9_NS14_13OpMultiplyAddEEENS_11MatrixShapeILi1ELi1EEEEELi1ELb0EbLi1ELi1EEEaEENST_19EpilogueWithVisitorINST_27EpilogueVisitorPerRowPerColISC_Li256ENST_22PredicatedTileIteratorISZ_fLb0ELb0EEENS1J_ISZ_S10_Lb0ELb0EEEifNSS_6thread17LinearCombinationIS10_Li4EifLNS1M_9ScaleType4KindE2ELNS_15FloatRoundStyleE2EEELb0EEESC_S1F_Li1ENSS_4warp24FragmentIteratorTensorOpISD_SE_iNS_5ArrayIiLi8ELb1EEES9_Lb0EiEENS1T_20TileIteratorTensorOpISD_SE_iS9_Lb0EEENST_18SharedLoadIteratorINSZ_18CompactedThreadMapEiLi16EEENS1C_ILi0ELi4EEELi1ELi1EEENS1_9SchedulerIL8GemmType0ELj1024ESC_Lj1ELj16EEELb0EEELi512EEEvNT_6ParamsE,_ZN7cutlass6KernelIN9deep_gemm10GemmKernelIN3aiu4gemm11threadblock13MmaMultistageINS5_10AiuLoaderAIaNS_6layout8RowMajorENS_4gemm9GemmShapeILi32ELi64ELi256EEENSB_ILi16ELi16ELi256EEENSB_ILi16ELi16ELi32EEEN5awmma8fragmentIN9mmacommon8matrix_aELi16ELi16ELi32EaNSH_9row_majorEEEEENS5_10AiuLoaderBIaNS8_11ColumnMajorESC_SD_SE_NSG_INSH_8matrix_bELi16ELi16ELi32EaNSH_9col_majorEEEEENS_8epilogue11threadblock20PrefetchTileIteratorINST_26OutputTileOptimalThreadMapINST_15OutputTileShapeILi64ELi8ELi2ELi1ELi1EEENSW_ILi1ELi2ELi1ELi1ELi2EEELi256ELi4ELi16EEENS_10bfloat16_tESC_LNSS_20PrefetchStrategyType4KindE0EEEiNS_4arch4Sm80ESC_SD_SE_Li3ENSA_4warp11MmaTensorOpISD_aS9_aSN_iS9_NS16_17MmaTensorOpPolicyINS14_3MmaISE_Li32EaS9_aSN_iS9_NS14_13OpMultiplyAddEEENS_11MatrixShapeILi1ELi1EEEEELi1ELb0EbLi1ELi1EEEaEENST_19EpilogueWithVisitorINST_27EpilogueVisitorPerRowPerColISC_Li256ENST_22PredicatedTileIteratorISZ_fLb0ELb0EEENS1J_ISZ_S10_Lb0ELb0EEEifNSS_6thread17LinearCombinationIS10_Li4EifLNS1M_9ScaleType4KindE2ELNS_15FloatRoundStyleE2EEELb0EEESC_S1F_Li1ENSS_4warp24FragmentIteratorTensorOpISD_SE_iNS_5ArrayIiLi8ELb1EEES9_Lb0EiEENS1T_20TileIteratorTensorOpISD_SE_iS9_Lb0EEENST_18SharedLoadIteratorINSZ_18CompactedThreadMapEiLi16EEENS1C_ILi0ELi4EEELi1ELi1EEENS1_9SchedulerIL8GemmType0ELj1024ESC_Lj1ELj16EEELb0EEELi512EEEvNT_6ParamsE,kernel,false,not_confirmed_under_gems_triton_scope,,false,true,1,0,0.0,1464,13.471,_ZN7cutlass6KernelIN9deep_gemm10GemmKernelIN3aiu4gemm11threadblock13MmaMultistageINS5_10AiuLoaderAIaNS_6layout8RowMajorENS_4gemm9GemmShapeILi32ELi64ELi256EEENSB_ILi16ELi16ELi256EEENSB_ILi16ELi16ELi32EEEN5awmma8fragmentIN9mmacommon8matrix_aELi16ELi16ELi32EaNSH_9row_majorEEEEENS5_10AiuLoaderBIaNS8_11ColumnMajorESC_SD_SE_NSG_INSH_8matrix_bELi16ELi16ELi32EaNSH_9col_majorEEEEENS_8epilogue11threadblock20PrefetchTileIteratorINST_26OutputTileOptimalThreadMapINST_15OutputTileShapeILi64ELi8ELi2ELi1ELi1EEENSW_ILi1ELi2ELi1ELi1ELi2EEELi256ELi4ELi16EEENS_10bfloat16_tESC_LNSS_20PrefetchStrategyType4KindE0EEEiNS_4arch4Sm80ESC_SD_SE_Li3ENSA_4warp11MmaTensorOpISD_aS9_aSN_iS9_NS16_17MmaTensorOpPolicyINS14_3MmaISE_Li32EaS9_aSN_iS9_NS14_13OpMultiplyAddEEENS_11MatrixShapeILi1ELi1EEEEELi1ELb0EbLi1ELi1EEEaEENST_19EpilogueWithVisitorINST_27EpilogueVisitorPerRowPerColISC_Li256ENST_22PredicatedTileIteratorISZ_fLb0ELb0EEENS1J_ISZ_S10_Lb0ELb0EEEifNSS_6thread17LinearCombinationIS10_Li4EifLNS1M_9ScaleType4KindE2ELNS_15FloatRoundStyleE2EEELb0EEESC_S1F_Li1ENSS_4warp24FragmentIteratorTensorOpISD_SE_iNS_5ArrayIiLi8ELb1EEES9_Lb0EiEENS1T_20TileIteratorTensorOpISD_SE_iS9_Lb0EEENST_18SharedLoadIteratorINSZ_18CompactedThreadMapEiLi16EEENS1C_ILi0ELi4EEELi1ELi1EEENS1_9SchedulerIL8GemmType0ELj1024ESC_Lj1ELj16EEELb0EEELi512EEEvNT_6ParamsE
kernel::_ZN7cutlass6KernelIN9deep_gemm10GemmKernelIN3aiu4gemm11threadblock13MmaMultistageINS5_10AiuLoaderAIaNS_6layout8RowMajorENS_4gemm9GemmShapeILi64ELi128ELi128EEENSB_ILi32ELi32ELi128EEENSB_ILi16ELi16ELi32EEEN5awmma8fragmentIN9mmacommon8matrix_aELi16ELi16ELi32EaNSH_9row_majorEEEEENS5_10AiuLoaderBIaNS8_11ColumnMajorESC_SD_SE_NSG_INSH_8matrix_bELi16ELi16ELi32EaNSH_9col_majorEEEEENS_8epilogue11threadblock20PrefetchTileIteratorINST_26OutputTileOptimalThreadMapINST_15OutputTileShapeILi128ELi8ELi2ELi1ELi1EEENSW_ILi1ELi4ELi1ELi1ELi4EEELi256ELi8ELi16EEENS_10bfloat16_tESC_LNSS_20PrefetchStrategyType4KindE0EEEiNS_4arch4Sm80ESC_SD_SE_Li3ENSA_4warp11MmaTensorOpISD_aS9_aSN_iS9_NS16_17MmaTensorOpPolicyINS14_3MmaISE_Li32EaS9_aSN_iS9_NS14_13OpMultiplyAddEEENS_11MatrixShapeILi1ELi1EEEEELi1ELb0EbLi1ELi1EEEaEENST_19EpilogueWithVisitorINST_27EpilogueVisitorPerRowPerColISC_Li256ENST_22PredicatedTileIteratorISZ_fLb0ELb0EEENS1J_ISZ_S10_Lb0ELb0EEEifNSS_6thread17LinearCombinationIS10_Li8EifLNS1M_9ScaleType4KindE2ELNS_15FloatRoundStyleE2EEELb0EEESC_S1F_Li1ENSS_4warp24FragmentIteratorTensorOpISD_SE_iNS_5ArrayIiLi8ELb1EEES9_Lb0EiEENS1T_20TileIteratorTensorOpISD_SE_iS9_Lb0EEENST_18SharedLoadIteratorINSZ_18CompactedThreadMapEiLi32EEENS1C_ILi0ELi4EEELi1ELi1EEENS1_9SchedulerIL8GemmType3ELj6144ESC_Lj12ELj16EEELb0EEELi512EEEvNT_6ParamsE,_ZN7cutlass6KernelIN9deep_gemm10GemmKernelIN3aiu4gemm11threadblock13MmaMultistageINS5_10AiuLoaderAIaNS_6layout8RowMajorENS_4gemm9GemmShapeILi64ELi128ELi128EEENSB_ILi32ELi32ELi128EEENSB_ILi16ELi16ELi32EEEN5awmma8fragmentIN9mmacommon8matrix_aELi16ELi16ELi32EaNSH_9row_majorEEEEENS5_10AiuLoaderBIaNS8_11ColumnMajorESC_SD_SE_NSG_INSH_8matrix_bELi16ELi16ELi32EaNSH_9col_majorEEEEENS_8epilogue11threadblock20PrefetchTileIteratorINST_26OutputTileOptimalThreadMapINST_15OutputTileShapeILi128ELi8ELi2ELi1ELi1EEENSW_ILi1ELi4ELi1ELi1ELi4EEELi256ELi8ELi16EEENS_10bfloat16_tESC_LNSS_20PrefetchStrategyType4KindE0EEEiNS_4arch4Sm80ESC_SD_SE_Li3ENSA_4warp11MmaTensorOpISD_aS9_aSN_iS9_NS16_17MmaTensorOpPolicyINS14_3MmaISE_Li32EaS9_aSN_iS9_NS14_13OpMultiplyAddEEENS_11MatrixShapeILi1ELi1EEEEELi1ELb0EbLi1ELi1EEEaEENST_19EpilogueWithVisitorINST_27EpilogueVisitorPerRowPerColISC_Li256ENST_22PredicatedTileIteratorISZ_fLb0ELb0EEENS1J_ISZ_S10_Lb0ELb0EEEifNSS_6thread17LinearCombinationIS10_Li8EifLNS1M_9ScaleType4KindE2ELNS_15FloatRoundStyleE2EEELb0EEESC_S1F_Li1ENSS_4warp24FragmentIteratorTensorOpISD_SE_iNS_5ArrayIiLi8ELb1EEES9_Lb0EiEENS1T_20TileIteratorTensorOpISD_SE_iS9_Lb0EEENST_18SharedLoadIteratorINSZ_18CompactedThreadMapEiLi32EEENS1C_ILi0ELi4EEELi1ELi1EEENS1_9SchedulerIL8GemmType3ELj6144ESC_Lj12ELj16EEELb0EEELi512EEEvNT_6ParamsE,kernel,false,not_confirmed_under_gems_triton_scope,,true,false,1,1586,228.929,0,0.0,_ZN7cutlass6KernelIN9deep_gemm10GemmKernelIN3aiu4gemm11threadblock13MmaMultistageINS5_10AiuLoaderAIaNS_6layout8RowMajorENS_4gemm9GemmShapeILi64ELi128ELi128EEENSB_ILi32ELi32ELi128EEENSB_ILi16ELi16ELi32EEEN5awmma8fragmentIN9mmacommon8matrix_aELi16ELi16ELi32EaNSH_9row_majorEEEEENS5_10AiuLoaderBIaNS8_11ColumnMajorESC_SD_SE_NSG_INSH_8matrix_bELi16ELi16ELi32EaNSH_9col_majorEEEEENS_8epilogue11threadblock20PrefetchTileIteratorINST_26OutputTileOptimalThreadMapINST_15OutputTileShapeILi128ELi8ELi2ELi1ELi1EEENSW_ILi1ELi4ELi1ELi1ELi4EEELi256ELi8ELi16EEENS_10bfloat16_tESC_LNSS_20PrefetchStrategyType4KindE0EEEiNS_4arch4Sm80ESC_SD_SE_Li3ENSA_4warp11MmaTensorOpISD_aS9_aSN_iS9_NS16_17MmaTensorOpPolicyINS14_3MmaISE_Li32EaS9_aSN_iS9_NS14_13OpMultiplyAddEEENS_11MatrixShapeILi1ELi1EEEEELi1ELb0EbLi1ELi1EEEaEENST_19EpilogueWithVisitorINST_27EpilogueVisitorPerRowPerColISC_Li256ENST_22PredicatedTileIteratorISZ_fLb0ELb0EEENS1J_ISZ_S10_Lb0ELb0EEEifNSS_6thread17LinearCombinationIS10_Li8EifLNS1M_9ScaleType4KindE2ELNS_15FloatRoundStyleE2EEELb0EEESC_S1F_Li1ENSS_4warp24FragmentIteratorTensorOpISD_SE_iNS_5ArrayIiLi8ELb1EEES9_Lb0EiEENS1T_20TileIteratorTensorOpISD_SE_iS9_Lb0EEENST_18SharedLoadIteratorINSZ_18CompactedThreadMapEiLi32EEENS1C_ILi0ELi4EEELi1ELi1EEENS1_9SchedulerIL8GemmType3ELj6144ESC_Lj12ELj16EEELb0EEELi512EEEvNT_6ParamsE
kernel::_ZN7cutlass6KernelIN9deep_gemm10GemmKernelIN3aiu4gemm11threadblock13MmaMultistageINS5_10AiuLoaderAIaNS_6layout8RowMajorENS_4gemm9GemmShapeILi64ELi128ELi128EEENSB_ILi32ELi32ELi128EEENSB_ILi16ELi16ELi32EEEN5awmma8fragmentIN9mmacommon8matrix_aELi16ELi16ELi32EaNSH_9row_majorEEEEENS5_10AiuLoaderBIaNS8_11ColumnMajorESC_SD_SE_NSG_INSH_8matrix_bELi16ELi16ELi32EaNSH_9col_majorEEEEENS_8epilogue11threadblock20PrefetchTileIteratorINST_26OutputTileOptimalThreadMapINST_15OutputTileShapeILi128ELi8ELi2ELi1ELi1EEENSW_ILi1ELi4ELi1ELi1ELi4EEELi256ELi8ELi16EEENS_10bfloat16_tESC_LNSS_20PrefetchStrategyType4KindE0EEEiNS_4arch4Sm80ESC_SD_SE_Li3ENSA_4warp11MmaTensorOpISD_aS9_aSN_iS9_NS16_17MmaTensorOpPolicyINS14_3MmaISE_Li32EaS9_aSN_iS9_NS14_13OpMultiplyAddEEENS_11MatrixShapeILi1ELi1EEEEELi1ELb0EbLi1ELi1EEEaEENST_19EpilogueWithVisitorINST_27EpilogueVisitorPerRowPerColISC_Li256ENST_22PredicatedTileIteratorISZ_fLb0ELb0EEENS1J_ISZ_S10_Lb0ELb0EEEifNSS_6thread17LinearCombinationIS10_Li8EifLNS1M_9ScaleType4KindE2ELNS_15FloatRoundStyleE2EEELb0EEESC_S1F_Li1ENSS_4warp24FragmentIteratorTensorOpISD_SE_iNS_5ArrayIiLi8ELb1EEES9_Lb0EiEENS1T_20TileIteratorTensorOpISD_SE_iS9_Lb0EEENST_18SharedLoadIteratorINSZ_18CompactedThreadMapEiLi32EEENS1C_ILi0ELi4EEELi1ELi1EEENS1_9SchedulerIL8GemmType3ELj7168ESC_Lj12ELj16EEELb0EEELi512EEEvNT_6ParamsE,_ZN7cutlass6KernelIN9deep_gemm10GemmKernelIN3aiu4gemm11threadblock13MmaMultistageINS5_10AiuLoaderAIaNS_6layout8RowMajorENS_4gemm9GemmShapeILi64ELi128ELi128EEENSB_ILi32ELi32ELi128EEENSB_ILi16ELi16ELi32EEEN5awmma8fragmentIN9mmacommon8matrix_aELi16ELi16ELi32EaNSH_9row_majorEEEEENS5_10AiuLoaderBIaNS8_11ColumnMajorESC_SD_SE_NSG_INSH_8matrix_bELi16ELi16ELi32EaNSH_9col_majorEEEEENS_8epilogue11threadblock20PrefetchTileIteratorINST_26OutputTileOptimalThreadMapINST_15OutputTileShapeILi128ELi8ELi2ELi1ELi1EEENSW_ILi1ELi4ELi1ELi1ELi4EEELi256ELi8ELi16EEENS_10bfloat16_tESC_LNSS_20PrefetchStrategyType4KindE0EEEiNS_4arch4Sm80ESC_SD_SE_Li3ENSA_4warp11MmaTensorOpISD_aS9_aSN_iS9_NS16_17MmaTensorOpPolicyINS14_3MmaISE_Li32EaS9_aSN_iS9_NS14_13OpMultiplyAddEEENS_11MatrixShapeILi1ELi1EEEEELi1ELb0EbLi1ELi1EEEaEENST_19EpilogueWithVisitorINST_27EpilogueVisitorPerRowPerColISC_Li256ENST_22PredicatedTileIteratorISZ_fLb0ELb0EEENS1J_ISZ_S10_Lb0ELb0EEEifNSS_6thread17LinearCombinationIS10_Li8EifLNS1M_9ScaleType4KindE2ELNS_15FloatRoundStyleE2EEELb0EEESC_S1F_Li1ENSS_4warp24FragmentIteratorTensorOpISD_SE_iNS_5ArrayIiLi8ELb1EEES9_Lb0EiEENS1T_20TileIteratorTensorOpISD_SE_iS9_Lb0EEENST_18SharedLoadIteratorINSZ_18CompactedThreadMapEiLi32EEENS1C_ILi0ELi4EEELi1ELi1EEENS1_9SchedulerIL8GemmType3ELj7168ESC_Lj12ELj16EEELb0EEELi512EEEvNT_6ParamsE,kernel,false,not_confirmed_under_gems_triton_scope,,true,false,1,1586,122.385,0,0.0,_ZN7cutlass6KernelIN9deep_gemm10GemmKernelIN3aiu4gemm11threadblock13MmaMultistageINS5_10AiuLoaderAIaNS_6layout8RowMajorENS_4gemm9GemmShapeILi64ELi128ELi128EEENSB_ILi32ELi32ELi128EEENSB_ILi16ELi16ELi32EEEN5awmma8fragmentIN9mmacommon8matrix_aELi16ELi16ELi32EaNSH_9row_majorEEEEENS5_10AiuLoaderBIaNS8_11ColumnMajorESC_SD_SE_NSG_INSH_8matrix_bELi16ELi16ELi32EaNSH_9col_majorEEEEENS_8epilogue11threadblock20PrefetchTileIteratorINST_26OutputTileOptimalThreadMapINST_15OutputTileShapeILi128ELi8ELi2ELi1ELi1EEENSW_ILi1ELi4ELi1ELi1ELi4EEELi256ELi8ELi16EEENS_10bfloat16_tESC_LNSS_20PrefetchStrategyType4KindE0EEEiNS_4arch4Sm80ESC_SD_SE_Li3ENSA_4warp11MmaTensorOpISD_aS9_aSN_iS9_NS16_17MmaTensorOpPolicyINS14_3MmaISE_Li32EaS9_aSN_iS9_NS14_13OpMultiplyAddEEENS_11MatrixShapeILi1ELi1EEEEELi1ELb0EbLi1ELi1EEEaEENST_19EpilogueWithVisitorINST_27EpilogueVisitorPerRowPerColISC_Li256ENST_22PredicatedTileIteratorISZ_fLb0ELb0EEENS1J_ISZ_S10_Lb0ELb0EEEifNSS_6thread17LinearCombinationIS10_Li8EifLNS1M_9ScaleType4KindE2ELNS_15FloatRoundStyleE2EEELb0EEESC_S1F_Li1ENSS_4warp24FragmentIteratorTensorOpISD_SE_iNS_5ArrayIiLi8ELb1EEES9_Lb0EiEENS1T_20TileIteratorTensorOpISD_SE_iS9_Lb0EEENST_18SharedLoadIteratorINSZ_18CompactedThreadMapEiLi32EEENS1C_ILi0ELi4EEELi1ELi1EEENS1_9SchedulerIL8GemmType3ELj7168ESC_Lj12ELj16EEELb0EEELi512EEEvNT_6ParamsE
kernel::_ZN7cutlass6KernelIN9deep_gemm10GemmKernelIN3aiu4gemm11threadblock13MmaMultistageINS5_10AiuLoaderAIaNS_6layout8RowMajorENS_4gemm9GemmShapeILi64ELi64ELi128EEENSB_ILi32ELi32ELi128EEENSB_ILi16ELi16ELi32EEEN5awmma8fragmentIN9mmacommon8matrix_aELi16ELi16ELi32EaNSH_9row_majorEEEEENS5_10AiuLoaderBIaNS8_11ColumnMajorESC_SD_SE_NSG_INSH_8matrix_bELi16ELi16ELi32EaNSH_9col_majorEEEEENS_8epilogue11threadblock20PrefetchTileIteratorINST_26OutputTileOptimalThreadMapINST_15OutputTileShapeILi64ELi8ELi2ELi1ELi1EEENSW_ILi1ELi4ELi1ELi1ELi4EEELi128ELi8ELi16EEENS_10bfloat16_tESC_LNSS_20PrefetchStrategyType4KindE0EEEiNS_4arch4Sm80ESC_SD_SE_Li8ENSA_4warp11MmaTensorOpISD_aS9_aSN_iS9_NS16_17MmaTensorOpPolicyINS14_3MmaISE_Li32EaS9_aSN_iS9_NS14_13OpMultiplyAddEEENS_11MatrixShapeILi1ELi1EEEEELi1ELb0EbLi1ELi1EEEaEENST_19EpilogueWithVisitorINST_27EpilogueVisitorPerRowPerColISC_Li128ENST_22PredicatedTileIteratorISZ_fLb0ELb0EEENS1J_ISZ_S10_Lb0ELb0EEEifNSS_6thread17LinearCombinationIS10_Li8EifLNS1M_9ScaleType4KindE2ELNS_15FloatRoundStyleE2EEELb0EEESC_S1F_Li1ENSS_4warp24FragmentIteratorTensorOpISD_SE_iNS_5ArrayIiLi8ELb1EEES9_Lb0EiEENS1T_20TileIteratorTensorOpISD_SE_iS9_Lb0EEENST_18SharedLoadIteratorINSZ_18CompactedThreadMapEiLi32EEENS1C_ILi0ELi4EEELi1ELi1EEENS1_9SchedulerIL8GemmType0ELj1024ESC_Lj1ELj16EEELb0EEELi512EEEvNT_6ParamsE,_ZN7cutlass6KernelIN9deep_gemm10GemmKernelIN3aiu4gemm11threadblock13MmaMultistageINS5_10AiuLoaderAIaNS_6layout8RowMajorENS_4gemm9GemmShapeILi64ELi64ELi128EEENSB_ILi32ELi32ELi128EEENSB_ILi16ELi16ELi32EEEN5awmma8fragmentIN9mmacommon8matrix_aELi16ELi16ELi32EaNSH_9row_majorEEEEENS5_10AiuLoaderBIaNS8_11ColumnMajorESC_SD_SE_NSG_INSH_8matrix_bELi16ELi16ELi32EaNSH_9col_majorEEEEENS_8epilogue11threadblock20PrefetchTileIteratorINST_26OutputTileOptimalThreadMapINST_15OutputTileShapeILi64ELi8ELi2ELi1ELi1EEENSW_ILi1ELi4ELi1ELi1ELi4EEELi128ELi8ELi16EEENS_10bfloat16_tESC_LNSS_20PrefetchStrategyType4KindE0EEEiNS_4arch4Sm80ESC_SD_SE_Li8ENSA_4warp11MmaTensorOpISD_aS9_aSN_iS9_NS16_17MmaTensorOpPolicyINS14_3MmaISE_Li32EaS9_aSN_iS9_NS14_13OpMultiplyAddEEENS_11MatrixShapeILi1ELi1EEEEELi1ELb0EbLi1ELi1EEEaEENST_19EpilogueWithVisitorINST_27EpilogueVisitorPerRowPerColISC_Li128ENST_22PredicatedTileIteratorISZ_fLb0ELb0EEENS1J_ISZ_S10_Lb0ELb0EEEifNSS_6thread17LinearCombinationIS10_Li8EifLNS1M_9ScaleType4KindE2ELNS_15FloatRoundStyleE2EEELb0EEESC_S1F_Li1ENSS_4warp24FragmentIteratorTensorOpISD_SE_iNS_5ArrayIiLi8ELb1EEES9_Lb0EiEENS1T_20TileIteratorTensorOpISD_SE_iS9_Lb0EEENST_18SharedLoadIteratorINSZ_18CompactedThreadMapEiLi32EEENS1C_ILi0ELi4EEELi1ELi1EEENS1_9SchedulerIL8GemmType0ELj1024ESC_Lj1ELj16EEELb0EEELi512EEEvNT_6ParamsE,kernel,false,not_confirmed_under_gems_triton_scope,,true,false,1,1586,24.905,0,0.0,_ZN7cutlass6KernelIN9deep_gemm10GemmKernelIN3aiu4gemm11threadblock13MmaMultistageINS5_10AiuLoaderAIaNS_6layout8RowMajorENS_4gemm9GemmShapeILi64ELi64ELi128EEENSB_ILi32ELi32ELi128EEENSB_ILi16ELi16ELi32EEEN5awmma8fragmentIN9mmacommon8matrix_aELi16ELi16ELi32EaNSH_9row_majorEEEEENS5_10AiuLoaderBIaNS8_11ColumnMajorESC_SD_SE_NSG_INSH_8matrix_bELi16ELi16ELi32EaNSH_9col_majorEEEEENS_8epilogue11threadblock20PrefetchTileIteratorINST_26OutputTileOptimalThreadMapINST_15OutputTileShapeILi64ELi8ELi2ELi1ELi1EEENSW_ILi1ELi4ELi1ELi1ELi4EEELi128ELi8ELi16EEENS_10bfloat16_tESC_LNSS_20PrefetchStrategyType4KindE0EEEiNS_4arch4Sm80ESC_SD_SE_Li8ENSA_4warp11MmaTensorOpISD_aS9_aSN_iS9_NS16_17MmaTensorOpPolicyINS14_3MmaISE_Li32EaS9_aSN_iS9_NS14_13OpMultiplyAddEEENS_11MatrixShapeILi1ELi1EEEEELi1ELb0EbLi1ELi1EEEaEENST_19EpilogueWithVisitorINST_27EpilogueVisitorPerRowPerColISC_Li128ENST_22PredicatedTileIteratorISZ_fLb0ELb0EEENS1J_ISZ_S10_Lb0ELb0EEEifNSS_6thread17LinearCombinationIS10_Li8EifLNS1M_9ScaleType4KindE2ELNS_15FloatRoundStyleE2EEELb0EEESC_S1F_Li1ENSS_4warp24FragmentIteratorTensorOpISD_SE_iNS_5ArrayIiLi8ELb1EEES9_Lb0EiEENS1T_20TileIteratorTensorOpISD_SE_iS9_Lb0EEENST_18SharedLoadIteratorINSZ_18CompactedThreadMapEiLi32EEENS1C_ILi0ELi4EEELi1ELi1EEENS1_9SchedulerIL8GemmType0ELj1024ESC_Lj1ELj16EEELb0EEELi512EEEvNT_6ParamsE
kernel::_ZN7cutlass6KernelINS_4gemm6kernel23GemmWithEpilogueVisitorIN3aiu4gemm11threadblock13MmaMultistageINS6_10AiuLoaderAIaNS_6layout8RowMajorENS1_9GemmShapeILi16ELi64ELi128EEENSB_ILi16ELi16ELi128EEENSB_ILi16ELi16ELi32EEEN5awmma8fragmentIN9mmacommon8matrix_aELi16ELi16ELi32EaNSH_9row_majorEEEEENS6_10AiuLoaderBIaNS9_11ColumnMajorESC_SD_SE_NSG_INSH_8matrix_bELi16ELi16ELi32EaNSH_9col_majorEEEEENS_8epilogue11threadblock20PrefetchTileIteratorINST_26OutputTileOptimalThreadMapINST_15OutputTileShapeILi64ELi8ELi1ELi1ELi1EEENSW_ILi1ELi2ELi1ELi1ELi2EEELi128ELi4ELi16EEENS_10bfloat16_tESC_LNSS_20PrefetchStrategyType4KindE0EEEiNS_4arch4Sm80ESC_SD_SE_Li4ENS1_4warp11MmaTensorOpISD_aSA_aSN_iSA_NS16_17MmaTensorOpPolicyINS14_3MmaISE_Li32EaSA_aSN_iSA_NS14_21OpMultiplyAddSaturateEEENS_11MatrixShapeILi1ELi1EEEEELi1ELb0EbLi1ELi1EEEaEENST_19EpilogueWithVisitorINST_27EpilogueVisitorPerRowPerColISC_Li128ENST_22PredicatedTileIteratorISZ_fLb0ELb0EEENS1J_ISZ_S10_Lb0ELb0EEEifNSS_6thread17LinearCombinationIS10_Li4EffLNS1M_9ScaleType4KindE1ELNS_15FloatRoundStyleE2EEELb0ELb0EEESC_NS17_ISD_aSA_aSN_iSA_NS18_INS19_ISE_Li32EaSA_aSN_iSA_NS14_13OpMultiplyAddEEES1D_EELi1ELb0EbLi1ELi1EEELi1ENSS_4warp24FragmentIteratorTensorOpISD_SE_iNS_5ArrayIiLi8ELb1EEESA_Lb0EiEENS1X_20TileIteratorTensorOpISD_SE_iSA_Lb0EEENST_18SharedLoadIteratorINSZ_18CompactedThreadMapEiLi16EEENS1C_ILi0ELi4EEELi1ELi1EEENS1_11threadblock30GemmIdentityThreadblockSwizzleILi1EEEEELi512EEEvNT_6ParamsE,_ZN7cutlass6KernelINS_4gemm6kernel23GemmWithEpilogueVisitorIN3aiu4gemm11threadblock13MmaMultistageINS6_10AiuLoaderAIaNS_6layout8RowMajorENS1_9GemmShapeILi16ELi64ELi128EEENSB_ILi16ELi16ELi128EEENSB_ILi16ELi16ELi32EEEN5awmma8fragmentIN9mmacommon8matrix_aELi16ELi16ELi32EaNSH_9row_majorEEEEENS6_10AiuLoaderBIaNS9_11ColumnMajorESC_SD_SE_NSG_INSH_8matrix_bELi16ELi16ELi32EaNSH_9col_majorEEEEENS_8epilogue11threadblock20PrefetchTileIteratorINST_26OutputTileOptimalThreadMapINST_15OutputTileShapeILi64ELi8ELi1ELi1ELi1EEENSW_ILi1ELi2ELi1ELi1ELi2EEELi128ELi4ELi16EEENS_10bfloat16_tESC_LNSS_20PrefetchStrategyType4KindE0EEEiNS_4arch4Sm80ESC_SD_SE_Li4ENS1_4warp11MmaTensorOpISD_aSA_aSN_iSA_NS16_17MmaTensorOpPolicyINS14_3MmaISE_Li32EaSA_aSN_iSA_NS14_21OpMultiplyAddSaturateEEENS_11MatrixShapeILi1ELi1EEEEELi1ELb0EbLi1ELi1EEEaEENST_19EpilogueWithVisitorINST_27EpilogueVisitorPerRowPerColISC_Li128ENST_22PredicatedTileIteratorISZ_fLb0ELb0EEENS1J_ISZ_S10_Lb0ELb0EEEifNSS_6thread17LinearCombinationIS10_Li4EffLNS1M_9ScaleType4KindE1ELNS_15FloatRoundStyleE2EEELb0ELb0EEESC_NS17_ISD_aSA_aSN_iSA_NS18_INS19_ISE_Li32EaSA_aSN_iSA_NS14_13OpMultiplyAddEEES1D_EELi1ELb0EbLi1ELi1EEELi1ENSS_4warp24FragmentIteratorTensorOpISD_SE_iNS_5ArrayIiLi8ELb1EEESA_Lb0EiEENS1X_20TileIteratorTensorOpISD_SE_iSA_Lb0EEENST_18SharedLoadIteratorINSZ_18CompactedThreadMapEiLi16EEENS1C_ILi0ELi4EEELi1ELi1EEENS1_11threadblock30GemmIdentityThreadblockSwizzleILi1EEEEELi512EEEvNT_6ParamsE,kernel,false,not_confirmed_under_gems_triton_scope,,false,true,1,0,0.0,1464,11.932,_ZN7cutlass6KernelINS_4gemm6kernel23GemmWithEpilogueVisitorIN3aiu4gemm11threadblock13MmaMultistageINS6_10AiuLoaderAIaNS_6layout8RowMajorENS1_9GemmShapeILi16ELi64ELi128EEENSB_ILi16ELi16ELi128EEENSB_ILi16ELi16ELi32EEEN5awmma8fragmentIN9mmacommon8matrix_aELi16ELi16ELi32EaNSH_9row_majorEEEEENS6_10AiuLoaderBIaNS9_11ColumnMajorESC_SD_SE_NSG_INSH_8matrix_bELi16ELi16ELi32EaNSH_9col_majorEEEEENS_8epilogue11threadblock20PrefetchTileIteratorINST_26OutputTileOptimalThreadMapINST_15OutputTileShapeILi64ELi8ELi1ELi1ELi1EEENSW_ILi1ELi2ELi1ELi1ELi2EEELi128ELi4ELi16EEENS_10bfloat16_tESC_LNSS_20PrefetchStrategyType4KindE0EEEiNS_4arch4Sm80ESC_SD_SE_Li4ENS1_4warp11MmaTensorOpISD_aSA_aSN_iSA_NS16_17MmaTensorOpPolicyINS14_3MmaISE_Li32EaSA_aSN_iSA_NS14_21OpMultiplyAddSaturateEEENS_11MatrixShapeILi1ELi1EEEEELi1ELb0EbLi1ELi1EEEaEENST_19EpilogueWithVisitorINST_27EpilogueVisitorPerRowPerColISC_Li128ENST_22PredicatedTileIteratorISZ_fLb0ELb0EEENS1J_ISZ_S10_Lb0ELb0EEEifNSS_6thread17LinearCombinationIS10_Li4EffLNS1M_9ScaleType4KindE1ELNS_15FloatRoundStyleE2EEELb0ELb0EEESC_NS17_ISD_aSA_aSN_iSA_NS18_INS19_ISE_Li32EaSA_aSN_iSA_NS14_13OpMultiplyAddEEES1D_EELi1ELb0EbLi1ELi1EEELi1ENSS_4warp24FragmentIteratorTensorOpISD_SE_iNS_5ArrayIiLi8ELb1EEESA_Lb0EiEENS1X_20TileIteratorTensorOpISD_SE_iSA_Lb0EEENST_18SharedLoadIteratorINSZ_18CompactedThreadMapEiLi16EEENS1C_ILi0ELi4EEELi1ELi1EEENS1_11threadblock30GemmIdentityThreadblockSwizzleILi1EEEEELi512EEEvNT_6ParamsE
kernel::_ZN7cutlass6KernelINS_4gemm6kernel23GemmWithEpilogueVisitorIN3aiu4gemm11threadblock13MmaMultistageINS6_10AiuLoaderAIaNS_6layout8RowMajorENS1_9GemmShapeILi32ELi128ELi64EEENSB_ILi32ELi32ELi64EEENSB_ILi16ELi16ELi32EEEN5awmma8fragmentIN9mmacommon8matrix_aELi16ELi16ELi32EaNSH_9row_majorEEEEENS6_10AiuLoaderBIaNS9_11ColumnMajorESC_SD_SE_NSG_INSH_8matrix_bELi16ELi16ELi32EaNSH_9col_majorEEEEENS_8epilogue11threadblock20PrefetchTileIteratorINST_26OutputTileOptimalThreadMapINST_15OutputTileShapeILi128ELi8ELi1ELi1ELi1EEENSW_ILi1ELi4ELi1ELi1ELi4EEELi128ELi8ELi16EEENS_10bfloat16_tESC_LNSS_20PrefetchStrategyType4KindE0EEEiNS_4arch4Sm80ESC_SD_SE_Li4ENS1_4warp11MmaTensorOpISD_aSA_aSN_iSA_NS16_17MmaTensorOpPolicyINS14_3MmaISE_Li32EaSA_aSN_iSA_NS14_21OpMultiplyAddSaturateEEENS_11MatrixShapeILi1ELi1EEEEELi1ELb0EbLi1ELi1EEEaEENST_19EpilogueWithVisitorINST_27EpilogueVisitorPerRowPerColISC_Li128ENST_22PredicatedTileIteratorISZ_fLb0ELb0EEENS1J_ISZ_S10_Lb0ELb0EEEifNSS_6thread17LinearCombinationIS10_Li8EffLNS1M_9ScaleType4KindE1ELNS_15FloatRoundStyleE2EEELb0ELb0EEESC_NS17_ISD_aSA_aSN_iSA_NS18_INS19_ISE_Li32EaSA_aSN_iSA_NS14_13OpMultiplyAddEEES1D_EELi1ELb0EbLi1ELi1EEELi1ENSS_4warp24FragmentIteratorTensorOpISD_SE_iNS_5ArrayIiLi8ELb1EEESA_Lb0EiEENS1X_25TileIteratorTensorOpMixedISD_SE_iLi32ELi16ELi8ELi8EEENST_23SharedLoadIteratorMixedINSZ_18CompactedThreadMapEiLi32ELi16ELi8ELi8EEENS1C_ILi0ELi4EEELi2ELi1EEENS1_11threadblock30GemmIdentityThreadblockSwizzleILi1EEEEELi512EEEvNT_6ParamsE,_ZN7cutlass6KernelINS_4gemm6kernel23GemmWithEpilogueVisitorIN3aiu4gemm11threadblock13MmaMultistageINS6_10AiuLoaderAIaNS_6layout8RowMajorENS1_9GemmShapeILi32ELi128ELi64EEENSB_ILi32ELi32ELi64EEENSB_ILi16ELi16ELi32EEEN5awmma8fragmentIN9mmacommon8matrix_aELi16ELi16ELi32EaNSH_9row_majorEEEEENS6_10AiuLoaderBIaNS9_11ColumnMajorESC_SD_SE_NSG_INSH_8matrix_bELi16ELi16ELi32EaNSH_9col_majorEEEEENS_8epilogue11threadblock20PrefetchTileIteratorINST_26OutputTileOptimalThreadMapINST_15OutputTileShapeILi128ELi8ELi1ELi1ELi1EEENSW_ILi1ELi4ELi1ELi1ELi4EEELi128ELi8ELi16EEENS_10bfloat16_tESC_LNSS_20PrefetchStrategyType4KindE0EEEiNS_4arch4Sm80ESC_SD_SE_Li4ENS1_4warp11MmaTensorOpISD_aSA_aSN_iSA_NS16_17MmaTensorOpPolicyINS14_3MmaISE_Li32EaSA_aSN_iSA_NS14_21OpMultiplyAddSaturateEEENS_11MatrixShapeILi1ELi1EEEEELi1ELb0EbLi1ELi1EEEaEENST_19EpilogueWithVisitorINST_27EpilogueVisitorPerRowPerColISC_Li128ENST_22PredicatedTileIteratorISZ_fLb0ELb0EEENS1J_ISZ_S10_Lb0ELb0EEEifNSS_6thread17LinearCombinationIS10_Li8EffLNS1M_9ScaleType4KindE1ELNS_15FloatRoundStyleE2EEELb0ELb0EEESC_NS17_ISD_aSA_aSN_iSA_NS18_INS19_ISE_Li32EaSA_aSN_iSA_NS14_13OpMultiplyAddEEES1D_EELi1ELb0EbLi1ELi1EEELi1ENSS_4warp24FragmentIteratorTensorOpISD_SE_iNS_5ArrayIiLi8ELb1EEESA_Lb0EiEENS1X_25TileIteratorTensorOpMixedISD_SE_iLi32ELi16ELi8ELi8EEENST_23SharedLoadIteratorMixedINSZ_18CompactedThreadMapEiLi32ELi16ELi8ELi8EEENS1C_ILi0ELi4EEELi2ELi1EEENS1_11threadblock30GemmIdentityThreadblockSwizzleILi1EEEEELi512EEEvNT_6ParamsE,kernel,false,not_confirmed_under_gems_triton_scope,,true,true,1,7124,167.003,6576,119.224,_ZN7cutlass6KernelINS_4gemm6kernel23GemmWithEpilogueVisitorIN3aiu4gemm11threadblock13MmaMultistageINS6_10AiuLoaderAIaNS_6layout8RowMajorENS1_9GemmShapeILi32ELi128ELi64EEENSB_ILi32ELi32ELi64EEENSB_ILi16ELi16ELi32EEEN5awmma8fragmentIN9mmacommon8matrix_aELi16ELi16ELi32EaNSH_9row_majorEEEEENS6_10AiuLoaderBIaNS9_11ColumnMajorESC_SD_SE_NSG_INSH_8matrix_bELi16ELi16ELi32EaNSH_9col_majorEEEEENS_8epilogue11threadblock20PrefetchTileIteratorINST_26OutputTileOptimalThreadMapINST_15OutputTileShapeILi128ELi8ELi1ELi1ELi1EEENSW_ILi1ELi4ELi1ELi1ELi4EEELi128ELi8ELi16EEENS_10bfloat16_tESC_LNSS_20PrefetchStrategyType4KindE0EEEiNS_4arch4Sm80ESC_SD_SE_Li4ENS1_4warp11MmaTensorOpISD_aSA_aSN_iSA_NS16_17MmaTensorOpPolicyINS14_3MmaISE_Li32EaSA_aSN_iSA_NS14_21OpMultiplyAddSaturateEEENS_11MatrixShapeILi1ELi1EEEEELi1ELb0EbLi1ELi1EEEaEENST_19EpilogueWithVisitorINST_27EpilogueVisitorPerRowPerColISC_Li128ENST_22PredicatedTileIteratorISZ_fLb0ELb0EEENS1J_ISZ_S10_Lb0ELb0EEEifNSS_6thread17LinearCombinationIS10_Li8EffLNS1M_9ScaleType4KindE1ELNS_15FloatRoundStyleE2EEELb0ELb0EEESC_NS17_ISD_aSA_aSN_iSA_NS18_INS19_ISE_Li32EaSA_aSN_iSA_NS14_13OpMultiplyAddEEES1D_EELi1ELb0EbLi1ELi1EEELi1ENSS_4warp24FragmentIteratorTensorOpISD_SE_iNS_5ArrayIiLi8ELb1EEESA_Lb0EiEENS1X_25TileIteratorTensorOpMixedISD_SE_iLi32ELi16ELi8ELi8EEENST_23SharedLoadIteratorMixedINSZ_18CompactedThreadMapEiLi32ELi16ELi8ELi8EEENS1C_ILi0ELi4EEELi2ELi1EEENS1_11threadblock30GemmIdentityThreadblockSwizzleILi1EEEEELi512EEEvNT_6ParamsE
kernel::_ZN7cutlass6KernelINS_4gemm6kernel23GemmWithEpilogueVisitorIN3aiu4gemm11threadblock13MmaMultistageINS6_10AiuLoaderAIaNS_6layout8RowMajorENS1_9GemmShapeILi64ELi128ELi64EEENSB_ILi32ELi32ELi64EEENSB_ILi16ELi16ELi32EEEN5awmma8fragmentIN9mmacommon8matrix_aELi16ELi16ELi32EaNSH_9row_majorEEEEENS6_10AiuLoaderBIaNS9_11ColumnMajorESC_SD_SE_NSG_INSH_8matrix_bELi16ELi16ELi32EaNSH_9col_majorEEEEENS_8epilogue11threadblock20PrefetchTileIteratorINST_26OutputTileOptimalThreadMapINST_15OutputTileShapeILi128ELi8ELi2ELi1ELi1EEENSW_ILi1ELi4ELi1ELi1ELi4EEELi256ELi8ELi16EEENS_10bfloat16_tESC_LNSS_20PrefetchStrategyType4KindE0EEEiNS_4arch4Sm80ESC_SD_SE_Li4ENS1_4warp11MmaTensorOpISD_aSA_aSN_iSA_NS16_17MmaTensorOpPolicyINS14_3MmaISE_Li32EaSA_aSN_iSA_NS14_21OpMultiplyAddSaturateEEENS_11MatrixShapeILi1ELi1EEEEELi1ELb0EbLi1ELi1EEEaEENST_19EpilogueWithVisitorINST_27EpilogueVisitorPerRowPerColISC_Li256ENST_22PredicatedTileIteratorISZ_fLb0ELb0EEENS1J_ISZ_S10_Lb0ELb0EEEifNSS_6thread17LinearCombinationIS10_Li8EffLNS1M_9ScaleType4KindE1ELNS_15FloatRoundStyleE2EEELb0ELb0EEESC_NS17_ISD_aSA_aSN_iSA_NS18_INS19_ISE_Li32EaSA_aSN_iSA_NS14_13OpMultiplyAddEEES1D_EELi1ELb0EbLi1ELi1EEELi1ENSS_4warp24FragmentIteratorTensorOpISD_SE_iNS_5ArrayIiLi8ELb1EEESA_Lb0EiEENS1X_25TileIteratorTensorOpMixedISD_SE_iLi32ELi16ELi8ELi8EEENST_23SharedLoadIteratorMixedINSZ_18CompactedThreadMapEiLi32ELi16ELi8ELi8EEENS1C_ILi0ELi4EEELi2ELi1EEENS1_11threadblock30GemmIdentityThreadblockSwizzleILi1EEEEELi512EEEvNT_6ParamsE,_ZN7cutlass6KernelINS_4gemm6kernel23GemmWithEpilogueVisitorIN3aiu4gemm11threadblock13MmaMultistageINS6_10AiuLoaderAIaNS_6layout8RowMajorENS1_9GemmShapeILi64ELi128ELi64EEENSB_ILi32ELi32ELi64EEENSB_ILi16ELi16ELi32EEEN5awmma8fragmentIN9mmacommon8matrix_aELi16ELi16ELi32EaNSH_9row_majorEEEEENS6_10AiuLoaderBIaNS9_11ColumnMajorESC_SD_SE_NSG_INSH_8matrix_bELi16ELi16ELi32EaNSH_9col_majorEEEEENS_8epilogue11threadblock20PrefetchTileIteratorINST_26OutputTileOptimalThreadMapINST_15OutputTileShapeILi128ELi8ELi2ELi1ELi1EEENSW_ILi1ELi4ELi1ELi1ELi4EEELi256ELi8ELi16EEENS_10bfloat16_tESC_LNSS_20PrefetchStrategyType4KindE0EEEiNS_4arch4Sm80ESC_SD_SE_Li4ENS1_4warp11MmaTensorOpISD_aSA_aSN_iSA_NS16_17MmaTensorOpPolicyINS14_3MmaISE_Li32EaSA_aSN_iSA_NS14_21OpMultiplyAddSaturateEEENS_11MatrixShapeILi1ELi1EEEEELi1ELb0EbLi1ELi1EEEaEENST_19EpilogueWithVisitorINST_27EpilogueVisitorPerRowPerColISC_Li256ENST_22PredicatedTileIteratorISZ_fLb0ELb0EEENS1J_ISZ_S10_Lb0ELb0EEEifNSS_6thread17LinearCombinationIS10_Li8EffLNS1M_9ScaleType4KindE1ELNS_15FloatRoundStyleE2EEELb0ELb0EEESC_NS17_ISD_aSA_aSN_iSA_NS18_INS19_ISE_Li32EaSA_aSN_iSA_NS14_13OpMultiplyAddEEES1D_EELi1ELb0EbLi1ELi1EEELi1ENSS_4warp24FragmentIteratorTensorOpISD_SE_iNS_5ArrayIiLi8ELb1EEESA_Lb0EiEENS1X_25TileIteratorTensorOpMixedISD_SE_iLi32ELi16ELi8ELi8EEENST_23SharedLoadIteratorMixedINSZ_18CompactedThreadMapEiLi32ELi16ELi8ELi8EEENS1C_ILi0ELi4EEELi2ELi1EEENS1_11threadblock30GemmIdentityThreadblockSwizzleILi1EEEEELi512EEEvNT_6ParamsE,kernel,false,not_confirmed_under_gems_triton_scope,,true,false,1,1586,17.423,0,0.0,_ZN7cutlass6KernelINS_4gemm6kernel23GemmWithEpilogueVisitorIN3aiu4gemm11threadblock13MmaMultistageINS6_10AiuLoaderAIaNS_6layout8RowMajorENS1_9GemmShapeILi64ELi128ELi64EEENSB_ILi32ELi32ELi64EEENSB_ILi16ELi16ELi32EEEN5awmma8fragmentIN9mmacommon8matrix_aELi16ELi16ELi32EaNSH_9row_majorEEEEENS6_10AiuLoaderBIaNS9_11ColumnMajorESC_SD_SE_NSG_INSH_8matrix_bELi16ELi16ELi32EaNSH_9col_majorEEEEENS_8epilogue11threadblock20PrefetchTileIteratorINST_26OutputTileOptimalThreadMapINST_15OutputTileShapeILi128ELi8ELi2ELi1ELi1EEENSW_ILi1ELi4ELi1ELi1ELi4EEELi256ELi8ELi16EEENS_10bfloat16_tESC_LNSS_20PrefetchStrategyType4KindE0EEEiNS_4arch4Sm80ESC_SD_SE_Li4ENS1_4warp11MmaTensorOpISD_aSA_aSN_iSA_NS16_17MmaTensorOpPolicyINS14_3MmaISE_Li32EaSA_aSN_iSA_NS14_21OpMultiplyAddSaturateEEENS_11MatrixShapeILi1ELi1EEEEELi1ELb0EbLi1ELi1EEEaEENST_19EpilogueWithVisitorINST_27EpilogueVisitorPerRowPerColISC_Li256ENST_22PredicatedTileIteratorISZ_fLb0ELb0EEENS1J_ISZ_S10_Lb0ELb0EEEifNSS_6thread17LinearCombinationIS10_Li8EffLNS1M_9ScaleType4KindE1ELNS_15FloatRoundStyleE2EEELb0ELb0EEESC_NS17_ISD_aSA_aSN_iSA_NS18_INS19_ISE_Li32EaSA_aSN_iSA_NS14_13OpMultiplyAddEEES1D_EELi1ELb0EbLi1ELi1EEELi1ENSS_4warp24FragmentIteratorTensorOpISD_SE_iNS_5ArrayIiLi8ELb1EEESA_Lb0EiEENS1X_25TileIteratorTensorOpMixedISD_SE_iLi32ELi16ELi8ELi8EEENST_23SharedLoadIteratorMixedINSZ_18CompactedThreadMapEiLi32ELi16ELi8ELi8EEENS1C_ILi0ELi4EEELi2ELi1EEENS1_11threadblock30GemmIdentityThreadblockSwizzleILi1EEEEELi512EEEvNT_6ParamsE
kernel::_build_c128a_topk_metadata_kernel,_build_c128a_topk_metadata_kernel,kernel,true,proven_triton_kernel,尚未确认（已证实 Triton）,true,true,1,26,0.101,24,0.096,_build_c128a_topk_metadata_kernel
kernel::_compressed_slot_mapping_kernel,_compressed_slot_mapping_kernel,kernel,true,proven_triton_kernel,尚未确认（已证实 Triton）,true,true,1,78,0.175,72,0.159,_compressed_slot_mapping_kernel
kernel::_compute_global_topk_indices_and_lens_kernel,_compute_global_topk_indices_and_lens_kernel,kernel,true,proven_triton_kernel,尚未确认（已证实 Triton）,true,true,1,780,2.173,720,1.817,_compute_global_topk_indices_and_lens_kernel
kernel::_compute_slot_mapping_kernel,_compute_slot_mapping_kernel,kernel,true,proven_triton_kernel,尚未确认（已证实 Triton）,true,true,1,130,0.538,120,0.479,_compute_slot_mapping_kernel
kernel::_compute_swa_indices_and_lens_kernel,_compute_swa_indices_and_lens_kernel,kernel,true,proven_triton_kernel,尚未确认（已证实 Triton）,true,true,1,52,0.14,48,0.12,_compute_swa_indices_and_lens_kernel
kernel::_count_expert_num_tokens,_count_expert_num_tokens,kernel,true,proven_triton_kernel,尚未确认（已证实 Triton）,true,true,1,1586,3.351,1464,3.903,_count_expert_num_tokens
kernel::_fused_indexer_q_rope_fp32_kernel,_fused_indexer_q_rope_fp32_kernel,kernel,true,proven_triton_kernel,尚未确认（已证实 Triton）,true,true,1,780,3.754,720,2.267,_fused_indexer_q_rope_fp32_kernel
kernel::_fused_inv_rope_float32_per_head,_fused_inv_rope_float32_per_head,kernel,true,proven_triton_kernel,尚未确认（已证实 Triton）,true,true,1,1586,3.45,1464,2.918,_fused_inv_rope_float32_per_head
kernel::_fused_kv_compress_norm_rope_insert_indexer_attn_sm80,_fused_kv_compress_norm_rope_insert_indexer_attn_sm80,kernel,true,proven_triton_kernel,尚未确认（已证实 Triton）,true,true,1,780,12.662,720,7.029,_fused_kv_compress_norm_rope_insert_indexer_attn_sm80
kernel::_fused_kv_compress_norm_rope_insert_sparse_attn_sm80,_fused_kv_compress_norm_rope_insert_sparse_attn_sm80,kernel,true,proven_triton_kernel,尚未确认（已证实 Triton）,true,true,1,1586,14.705,1464,8.664,_fused_kv_compress_norm_rope_insert_sparse_attn_sm80
kernel::_fused_q_kv_rmsnorm_kernel,_fused_q_kv_rmsnorm_kernel,kernel,true,proven_triton_kernel,尚未确认（已证实 Triton）,true,true,1,1586,3.514,1464,3.278,_fused_q_kv_rmsnorm_kernel
kernel::_fwd_kernel_ep_gather,_fwd_kernel_ep_gather,kernel,true,proven_triton_kernel,尚未确认（已证实 Triton）,true,true,1,1586,6.373,1464,5.154,_fwd_kernel_ep_gather
kernel::_fwd_kernel_ep_scatter_1,_fwd_kernel_ep_scatter_1,kernel,true,proven_triton_kernel,尚未确认（已证实 Triton）,true,true,1,1586,2.485,1464,2.083,_fwd_kernel_ep_scatter_1
kernel::_fwd_kernel_ep_scatter_2_optimal,_fwd_kernel_ep_scatter_2_optimal,kernel,true,proven_triton_kernel,尚未确认（已证实 Triton）,true,true,1,1586,10.655,1464,7.04,_fwd_kernel_ep_scatter_2_optimal
kernel::_per_token_quant_int8,_per_token_quant_int8,kernel,true,proven_triton_kernel,尚未确认（已证实 Triton）,true,true,1,13468,41.8,12432,27.336,_per_token_quant_int8
kernel::_save_partial_states_kernel,_save_partial_states_kernel,kernel,true,proven_triton_kernel,尚未确认（已证实 Triton）,true,true,1,2366,8.996,2184,6.43,_save_partial_states_kernel
kernel::fused_qnorm_rope_kv_insert_kernel,fused_qnorm_rope_kv_insert_kernel,kernel,true,proven_triton_kernel,尚未确认（已证实 Triton）,true,true,1,1586,12.714,1464,10.411,fused_qnorm_rope_kv_insert_kernel
kernel::gemm_ktype0_aiu1_mtype1_dtypeBF16xBF16xFP32xFP32xFP32_tile32x32x16x16x128x3_layout0x1x0x0_align1x1x2x2_splitk0_fusion0_prefetch0_fp32tc0_ptrhost1_schedule0,gemm_ktype0_aiu1_mtype1_dtypeBF16xBF16xFP32xFP32xFP32_tile32x32x16x16x128x3_layout0x1x0x0_align1x1x2x2_splitk0_fusion0_prefetch0_fp32tc0_ptrhost1_schedule0,kernel,false,not_confirmed_under_gems_triton_scope,,true,false,1,806,26.471,0,0.0,gemm_ktype0_aiu1_mtype1_dtypeBF16xBF16xFP32xFP32xFP32_tile32x32x16x16x128x3_layout0x1x0x0_align1x1x2x2_splitk0_fusion0_prefetch0_fp32tc0_ptrhost1_schedule0
kernel::gemm_ktype0_aiu1_mtype1_dtypeBF16xBF16xFP32xFP32xFP32_tile64x256x32x64x64x2_layout0x1x0x0_align1x1x4x4_splitk2_fusion0_prefetch0_fp32tc0_ptrhost1_schedule0,gemm_ktype0_aiu1_mtype1_dtypeBF16xBF16xFP32xFP32xFP32_tile64x256x32x64x64x2_layout0x1x0x0_align1x1x4x4_splitk2_fusion0_prefetch0_fp32tc0_ptrhost1_schedule0,kernel,false,not_confirmed_under_gems_triton_scope,,true,false,1,780,32.338,0,0.0,gemm_ktype0_aiu1_mtype1_dtypeBF16xBF16xFP32xFP32xFP32_tile64x256x32x64x64x2_layout0x1x0x0_align1x1x4x4_splitk2_fusion0_prefetch0_fp32tc0_ptrhost1_schedule0
kernel::gemm_ktype0_aiu1_mtype1_dtypeBF16xBF16xFP32xFP32xFP32_tile64x64x16x32x128x4_layout0x1x0x0_align1x1x4x4_splitk0_fusion0_prefetch0_fp32tc0_ptrhost1_schedule0,gemm_ktype0_aiu1_mtype1_dtypeBF16xBF16xFP32xFP32xFP32_tile64x64x16x32x128x4_layout0x1x0x0_align1x1x4x4_splitk0_fusion0_prefetch0_fp32tc0_ptrhost1_schedule0,kernel,false,not_confirmed_under_gems_triton_scope,,true,false,1,780,26.533,0,0.0,gemm_ktype0_aiu1_mtype1_dtypeBF16xBF16xFP32xFP32xFP32_tile64x64x16x32x128x4_layout0x1x0x0_align1x1x4x4_splitk0_fusion0_prefetch0_fp32tc0_ptrhost1_schedule0
kernel::get_mla_metadata_kernel(Mla_metadata_params),get_mla_metadata_kernel(Mla_metadata_params),kernel,false,not_confirmed_under_gems_triton_scope,,true,true,1,78,1.672,72,0.643,get_mla_metadata_kernel(Mla_metadata_params)
kernel::hc_head_fuse_tilelang_kernel,hc_head_fuse_tilelang_kernel,kernel,false,not_confirmed_under_gems_triton_scope,,true,true,1,26,0.354,24,0.323,hc_head_fuse_tilelang_kernel
kernel::hc_prenorm_gemm_tilelang_kernel,hc_prenorm_gemm_tilelang_kernel,kernel,false,not_confirmed_under_gems_triton_scope,,true,true,1,3172,74.171,24,0.21,hc_prenorm_gemm_tilelang_kernel
kernel::mhc_fused_tilelang_kernel,mhc_fused_tilelang_kernel,kernel,false,not_confirmed_under_gems_triton_scope,,false,true,1,0,0.0,2904,25.061,mhc_fused_tilelang_kernel
kernel::mhc_post_tilelang_kernel,mhc_post_tilelang_kernel,kernel,false,not_confirmed_under_gems_triton_scope,,true,true,1,3172,29.525,24,0.166,mhc_post_tilelang_kernel
kernel::mhc_pre_big_fuse_with_norm_tilelang_kernel,mhc_pre_big_fuse_with_norm_tilelang_kernel,kernel,false,not_confirmed_under_gems_triton_scope,,true,true,1,3172,41.368,2928,37.936,mhc_pre_big_fuse_with_norm_tilelang_kernel
kernel::non_tle_top_k_per_row_decode,non_tle_top_k_per_row_decode,kernel,true,proven_triton_kernel,尚未确认（已证实 Triton）,true,true,1,780,1.209,720,1.091,non_tle_top_k_per_row_decode
"kernel::pcclKernel_AllGather_RING_LL_Sum_int8_t(ncclDevComm*, ncclChannelWork*)","pcclKernel_AllGather_RING_LL_Sum_int8_t(ncclDevComm*, ncclChannelWork*)",kernel,false,not_confirmed_under_gems_triton_scope,,true,true,1,1612,210.745,24,1.018,"pcclKernel_AllGather_RING_LL_Sum_int8_t(ncclDevComm*, ncclChannelWork*)"
"kernel::pcclKernel_Broadcast_RING_LL_Sum_int8_t(ncclDevComm*, ncclChannelWork*)","pcclKernel_Broadcast_RING_LL_Sum_int8_t(ncclDevComm*, ncclChannelWork*)",kernel,false,not_confirmed_under_gems_triton_scope,,false,true,1,0,0.0,1464,230.166,"pcclKernel_Broadcast_RING_LL_Sum_int8_t(ncclDevComm*, ncclChannelWork*)"
"kernel::pcclKernel_ReduceScatter_RING_LL_Sum___ppu_bfloat16(ncclDevComm*, ncclChannelWork*)","pcclKernel_ReduceScatter_RING_LL_Sum___ppu_bfloat16(ncclDevComm*, ncclChannelWork*)",kernel,false,not_confirmed_under_gems_triton_scope,,true,false,1,1586,226.502,0,0.0,"pcclKernel_ReduceScatter_RING_LL_Sum___ppu_bfloat16(ncclDevComm*, ncclChannelWork*)"
"kernel::pcclKernel_Reduce_RING_LL_Sum___ppu_bfloat16(ncclDevComm*, ncclChannelWork*)","pcclKernel_Reduce_RING_LL_Sum___ppu_bfloat16(ncclDevComm*, ncclChannelWork*)",kernel,false,not_confirmed_under_gems_triton_scope,,false,true,1,0,0.0,1464,103.532,"pcclKernel_Reduce_RING_LL_Sum___ppu_bfloat16(ncclDevComm*, ncclChannelWork*)"
kernel::rms_norm_loop_kernel,rms_norm_loop_kernel,kernel,true,proven_triton_kernel,尚未确认（已证实 Triton）,true,true,1,26,0.113,24,0.107,rms_norm_loop_kernel
kernel::silu_and_mul_kernel_kernel_rank_2,silu_and_mul_kernel_kernel_rank_2,kernel,true,proven_triton_kernel,尚未确认（已证实 Triton）,true,true,1,1586,11.977,1464,3.32,silu_and_mul_kernel_kernel_rank_2
kernel::triton_poi_fused___and_____or___add_bitwise_not_ge_lt_mul_sub_0,triton_poi_fused___and_____or___add_bitwise_not_ge_lt_mul_sub_0,kernel,true,proven_triton_kernel,TorchInductor（生成源码证据；同名候选可能不唯一）,true,true,1,26,0.034,24,0.03,triton_poi_fused___and_____or___add_bitwise_not_ge_lt_mul_sub_0
"kernel::void cutlass::device_kernel<cutlass::gemm::kernel::Sm80PagedMqaLogits<signed char, int, 1u, 64u, 128u, 64u, 2u, 3u, 64u> >(cutlass::gemm::kernel::Sm80PagedMqaLogits<signed char, int, 1u, 64u, 128u, 64u, 2u, 3u, 64u>::Params)","void cutlass::device_kernel<cutlass::gemm::kernel::Sm80PagedMqaLogits<signed char, int, 1u, 64u, 128u, 64u, 2u, 3u, 64u> >(cutlass::gemm::kernel::Sm80PagedMqaLogits<signed char, int, 1u, 64u, 128u, 64u, 2u, 3u, 64u>::Params)",kernel,false,not_confirmed_under_gems_triton_scope,,true,true,1,780,3.125,720,2.421,"void cutlass::device_kernel<cutlass::gemm::kernel::Sm80PagedMqaLogits<signed char, int, 1u, 64u, 128u, 64u, 2u, 3u, 64u> >(cutlass::gemm::kernel::Sm80PagedMqaLogits<signed char, int, 1u, 64u, 128u, 64u, 2u, 3u, 64u>::Params)"
"kernel::void flash::flash_fwd_splitkv_mla_combine_kernel<Flash_fwd_kernel_traits<512, 16, 64, 16, false, false, cutlass::bfloat16_t, 512, true, false, 1, 1, 64, 2, 4, Flash_kernel_traits<512, 16, 64, 16, 64, false, cutlass::bfloat16_t> >, 32>(Flash_fwd_params)","void flash::flash_fwd_splitkv_mla_combine_kernel<Flash_fwd_kernel_traits<512, 16, 64, 16, false, false, cutlass::bfloat16_t, 512, true, false, 1, 1, 64, 2, 4, Flash_kernel_traits<512, 16, 64, 16, 64, false, cutlass::bfloat16_t> >, 32>(Flash_fwd_params)",kernel,false,not_confirmed_under_gems_triton_scope,,true,true,1,1586,6.285,1464,2.801,"void flash::flash_fwd_splitkv_mla_combine_kernel<Flash_fwd_kernel_traits<512, 16, 64, 16, false, false, cutlass::bfloat16_t, 512, true, false, 1, 1, 64, 2, 4, Flash_kernel_traits<512, 16, 64, 16, 64, false, cutlass::bfloat16_t> >, 32>(Flash_fwd_params)"
"kernel::void flash::flash_sparse_decode_fwd_kernel<Flash_fwd_kernel_traits<512, 16, 64, 16, false, false, cutlass::bfloat16_t, 512, true, false, 1, 1, 64, 2, 4, Flash_kernel_traits<512, 16, 64, 16, 64, false, cutlass::bfloat16_t> >, true>(Flash_fwd_params)","void flash::flash_sparse_decode_fwd_kernel<Flash_fwd_kernel_traits<512, 16, 64, 16, false, false, cutlass::bfloat16_t, 512, true, false, 1, 1, 64, 2, 4, Flash_kernel_traits<512, 16, 64, 16, 64, false, cutlass::bfloat16_t> >, true>(Flash_fwd_params)",kernel,false,not_confirmed_under_gems_triton_scope,,true,true,1,1586,109.048,1464,17.485,"void flash::flash_sparse_decode_fwd_kernel<Flash_fwd_kernel_traits<512, 16, 64, 16, false, false, cutlass::bfloat16_t, 512, true, false, 1, 1, 64, 2, 4, Flash_kernel_traits<512, 16, 64, 16, 64, false, cutlass::bfloat16_t> >, true>(Flash_fwd_params)"
"kernel::void pcclKernel_twoShotAllReduceKernel<__ppu_bfloat16, 16, 0, 0, 1, 1>(twoShotDevParams)","void pcclKernel_twoShotAllReduceKernel<__ppu_bfloat16, 16, 0, 0, 1, 1>(twoShotDevParams)",kernel,false,not_confirmed_under_gems_triton_scope,,true,true,1,3198,418.236,2952,40.219,"void pcclKernel_twoShotAllReduceKernel<__ppu_bfloat16, 16, 0, 0, 1, 1>(twoShotDevParams)"
